Chicken,Cereal,Bread,Milk,Cheese,Butter,Pasta,Eggs,Beer,Diapers,,,
Chicken,Cheese,Bread,Juice,Butter,Fish,Beer,Diapers,,,,,
Chicken,Milk,Bread,Cereal,Yogurt,Cheese,Butter,Pasta,Diapers,,,,
Chicken,Cheese,Bread,Yogurt,Pasta,Butter,,,,,,,
Cheese,Bread,Juice,Butter,Pasta,Eggs,Beer,,,,,,
Cheese,Juice,Pasta,Beer,Tomato,Diapers,,,,,,,
Cereal,Bread,Juice,Yogurt,Cheese,Rice,Butter,Pasta,Fish,Diapers,,,
Chicken,Bread,Yogurt,Rice,Butter,Fish,Eggs,Beer,Diapers,,,,
Cereal,Bread,Juice,Yogurt,Butter,Milk,,,,,,,
Milk,Cheese,Cereal,Juice,Yogurt,Rice,Fish,Eggs,Diapers,,,,
Cereal,Cheese,Rice,Pasta,Beer,Diapers,,,,,,,
Milk,Bread,Butter,Cereal,,,,,,,,,
Cheese,Juice,Pasta,Eggs,Diapers,,,,,,,,
Chicken,Cereal,Bread,Juice,Milk,Butter,Eggs,Beer,Diapers,,,,
Beer,Butter,Juice,Eggs,,,,,,,,,
Milk,Cheese,Bread,Juice,Yogurt,Butter,Pasta,Eggs,Beer,Diapers,,,
Cheese,Cereal,Juice,Bread,Butter,Pasta,Eggs,Beer,Diapers,,,,
Chicken,Cheese,Bread,Juice,Pasta,Butter,Eggs,Beer,Diapers,,,,
Cheese,Bread,Juice,Rice,Butter,Fish,Eggs,Tomato,Milk,,,,
Juice,Pasta,Eggs,Beer,Diapers,,,,,,,,
Chicken,Milk,Bread,Cereal,Cheese,Juice,Butter,Pasta,Eggs,Beer,Diapers,,
Chicken,Milk,Cereal,Yogurt,Butter,Beer,Diapers,,,,,,
Milk,Cereal,Bread,Cheese,Juice,Rice,Butter,Beer,Pasta,Eggs,Tomato,Diapers,
Cereal,Bread,Cheese,Yogurt,Butter,Pasta,Fish,Milk,,,,,
Milk,Cereal,Bread,Cheese,Juice,Rice,Butter,Pasta,Eggs,Beer,Diapers,,
Milk,Cereal,Bread,Cheese,Rice,Butter,Pasta,Beer,Diapers,,,,
Cheese,Cereal,Bread,Pasta,Butter,Fish,Eggs,Beer,Diapers,,,,
Cheese,Bread,Juice,Pasta,Beer,Butter,Tomato,Diapers,,,,,
Milk,Cheese,Bread,Cereal,Butter,Pasta,Beer,Diapers,,,,,
Milk,Cereal,Bread,Cheese,Butter,Beer,Pasta,Tomato,Diapers,,,,
Chicken,Cheese,Rice,Pasta,Diapers,,,,,,,,
Milk,Cheese,Cereal,Juice,Rice,Pasta,Fish,Eggs,Beer,Diapers,,,
Chicken,Cheese,Cereal,Juice,Milk,Beer,Diapers,,,,,,
Cheese,Cereal,Bread,Juice,Butter,Pasta,Eggs,Beer,,,,,
Bread,Juice,Rice,Butter,Pasta,Eggs,,,,,,,
Juice,Yogurt,Pasta,Butter,Fish,Eggs,Beer,Diapers,,,,,
Tomato,Bread,Butter,,,,,,,,,,
Cereal,Bread,Cheese,Juice,Butter,Pasta,Fish,Eggs,Diapers,,,,
Milk,Cereal,Bread,Cheese,Yogurt,Juice,Butter,Pasta,Fish,Eggs,Beer,Diapers,
Chicken,Cheese,Bread,Juice,Butter,Pasta,Eggs,Beer,Diapers,,,,
Cheese,Bread,Juice,Butter,Pasta,Eggs,Beer,Diapers,,,,,
Milk,Cereal,Cheese,Pasta,Tomato,Diapers,,,,,,,
Chicken,Cheese,Bread,Butter,Pasta,Beer,Diapers,,,,,,
Chicken,Milk,Cereal,Juice,Butter,Pasta,Eggs,Beer,Diapers,,,,
Chicken,Cereal,Bread,Cheese,Butter,Pasta,Beer,Milk,,,,,
Chicken,Milk,Cereal,Cheese,Juice,Pasta,Fish,Eggs,Beer,Diapers,,,
Cheese,Bread,Juice,Butter,Pasta,Fish,Eggs,Beer,,,,,
Chicken,Milk,Bread,Cereal,Cheese,Rice,Butter,Pasta,Beer,Diapers,,,
Chicken,Cereal,Cheese,Juice,Yogurt,Bread,Butter,Milk,,,,,
Bread,Juice,Rice,Butter,Beer,Fish,Eggs,Tomato,Diapers,,,,
Milk,Cereal,Bread,Juice,Yogurt,Pasta,Butter,Eggs,Diapers,,,,
Cheese,Bread,Yogurt,Rice,Pasta,Beer,Butter,Tomato,Diapers,,,,
Milk,Cheese,Bread,Cereal,Yogurt,Juice,Rice,Butter,Pasta,Eggs,Beer,Diapers,
Cereal,Bread,Cheese,Yogurt,Butter,Pasta,Eggs,Milk,,,,,
Milk,Chicken,Bread,Cereal,Cheese,Juice,Pasta,Beer,Butter,Eggs,Tomato,Diapers,
Cheese,Bread,Yogurt,Pasta,Butter,Fish,Eggs,Tomato,,,,,
Chicken,Milk,Bread,Cereal,Rice,Pasta,Butter,Beer,Diapers,,,,
Milk,Cheese,Chicken,Juice,Yogurt,Pasta,Eggs,Beer,Diapers,,,,
Milk,Cheese,Bread,Cereal,Butter,Pasta,Beer,Diapers,,,,,
Cheese,Bread,Juice,Cereal,Rice,Butter,Eggs,Milk,,,,,
Cereal,Cheese,Tomato,Rice,Pasta,Beer,Milk,,,,,,
Chicken,Cheese,Juice,Rice,Pasta,Fish,Eggs,Tomato,,,,,
Milk,Cheese,Juice,Rice,Eggs,Beer,Diapers,,,,,,
Cereal,Bread,Juice,Cheese,Pasta,Eggs,Milk,,,,,,
Cheese,Bread,Juice,Butter,Pasta,Eggs,Tomato,,,,,,
Cheese,Bread,Juice,Yogurt,Butter,Pasta,Fish,Eggs,Beer,Diapers,,,
Cheese,Juice,Rice,Butter,Pasta,,,,,,,,
Chicken,Milk,Bread,Juice,Cheese,Butter,Pasta,Beer,Diapers,,,,
Chicken,Cereal,Cheese,Juice,Diapers,Pasta,Eggs,Beer,Milk,,,,
Chicken,Cheese,Bread,Milk,Yogurt,Cereal,Juice,Butter,Pasta,Eggs,Beer,Diapers,
Cereal,Bread,Cheese,Yogurt,Juice,Butter,Pasta,Eggs,,,,,
Chicken,Cheese,Milk,Bread,Juice,Butter,Beer,Pasta,Eggs,Tomato,Diapers,,
Milk,Cereal,Bread,Juice,Butter,Fish,Eggs,Beer,Diapers,,,,
Cereal,Cheese,Juice,Yogurt,Rice,Eggs,Tomato,Milk,,,,,
Cheese,Bread,Juice,Rice,Butter,Pasta,Fish,Eggs,Beer,Diapers,,,
Cereal,Bread,Cheese,Juice,Butter,Pasta,Fish,Eggs,Milk,,,,
Chicken,Milk,Bread,Cereal,Yogurt,Cheese,Rice,Butter,Pasta,Fish,Beer,Diapers,
Cereal,Bread,Juice,Cheese,Diapers,Pasta,Butter,Fish,Eggs,Beer,Milk,,
Chicken,Milk,Bread,Cereal,Yogurt,Juice,Pasta,Butter,Eggs,Beer,Diapers,,
Milk,Cheese,Cereal,Bread,Juice,Butter,Pasta,Fish,Eggs,Beer,Diapers,,
Cereal,Cheese,Juice,Pasta,Eggs,Beer,,,,,,,
Chicken,Cheese,Bread,Juice,Milk,Cereal,Butter,Pasta,Beer,Diapers,,,
Cereal,Cheese,Rice,Butter,Pasta,Fish,Tomato,Milk,,,,,
Chicken,Cheese,Yogurt,Pasta,Diapers,,,,,,,,
Chicken,Cheese,Bread,Juice,Yogurt,Pasta,Eggs,Diapers,,,,,
Cereal,Bread,Cheese,Butter,Pasta,Tomato,Milk,,,,,,
Milk,Cheese,Bread,Cereal,Juice,Butter,Beer,Eggs,Tomato,Diapers,,,
Cheese,Bread,Juice,Butter,Pasta,Eggs,Beer,Diapers,,,,,
Milk,Cereal,Juice,Yogurt,Beer,Eggs,Tomato,Diapers,,,,,
Cereal,Bread,Cheese,Juice,Diapers,Butter,Eggs,Beer,Milk,,,,
Cereal,Juice,Diapers,Pasta,Fish,Eggs,Beer,Milk,,,,,
Cereal,Bread,Cheese,Juice,Butter,Pasta,Fish,Eggs,Beer,Diapers,,,
Cheese,Bread,Juice,Cereal,Diapers,Butter,Beer,Pasta,Eggs,Tomato,Milk,,
Milk,Cereal,Bread,Juice,Cheese,Pasta,Beer,Butter,Eggs,Tomato,Diapers,,
Cheese,Bread,Juice,Rice,Pasta,Butter,Eggs,Beer,Diapers,,,,
Cereal,Bread,Cheese,Juice,Pasta,Eggs,Milk,,,,,,
Cereal,Bread,Cheese,Yogurt,Butter,Pasta,Beer,Milk,,,,,
Cheese,Bread,Juice,Yogurt,Rice,Pasta,Eggs,,,,,,
Chicken,Cheese,Cereal,Bread,Milk,Butter,Pasta,Fish,Eggs,Beer,Diapers,,
Milk,Cereal,Bread,Cheese,Yogurt,Juice,Pasta,Eggs,Beer,Diapers,,,
Chicken,Cheese,Cereal,Juice,Pasta,Butter,Fish,Eggs,Tomato,Milk,,,
Bread,Juice,Butter,Fish,Beer,Diapers,,,,,,,
Chicken,Milk,Bread,Cereal,Yogurt,Cheese,Juice,Butter,Pasta,Fish,Eggs,Beer,Diapers
Milk,Cheese,Bread,Yogurt,Pasta,Beer,Diapers,,,,,,
Chicken,Cheese,Bread,Juice,Tomato,Butter,Pasta,Eggs,Beer,Diapers,,,
Cereal,Juice,Rice,Butter,Eggs,,,,,,,,
Chicken,Cheese,Bread,Juice,Butter,Beer,Pasta,Eggs,Tomato,Diapers,,,
Chicken,Cereal,Bread,Milk,Cheese,Pasta,Butter,Fish,Diapers,,,,
Cereal,Cheese,Juice,Rice,Pasta,Eggs,Milk,,,,,,
Milk,Cheese,Bread,Cereal,Butter,Pasta,Beer,Diapers,,,,,
Milk,Cheese,Bread,Cereal,Juice,Pasta,Butter,Eggs,Beer,Diapers,,,
Cheese,Juice,Butter,Pasta,Beer,Eggs,Tomato,Diapers,,,,,
Cereal,Bread,Juice,Butter,Fish,Eggs,Milk,,,,,,
Chicken,Cheese,Bread,Butter,Pasta,Beer,Diapers,,,,,,
Milk,Cereal,Bread,Cheese,Yogurt,Tomato,Juice,Butter,Pasta,Eggs,Beer,Diapers,
Cheese,Bread,Juice,Cereal,Butter,Pasta,Tomato,Milk,,,,,
Cheese,Bread,Cereal,Rice,Butter,Pasta,Eggs,Tomato,Milk,,,,
Milk,Cereal,Bread,Fish,Beer,Diapers,,,,,,,
Cereal,Bread,Cheese,Yogurt,Juice,Pasta,Butter,Fish,Eggs,Milk,,,
Cheese,Bread,Juice,Tomato,Butter,Pasta,Eggs,Beer,Diapers,,,,
Milk,Cereal,Bread,Juice,Yogurt,Cheese,Butter,Pasta,Eggs,Beer,Diapers,,
Chicken,Cereal,Bread,Milk,Cheese,Juice,Butter,Pasta,Eggs,Diapers,,,
Cereal,Bread,Cheese,Butter,Pasta,Beer,Milk,,,,,,
Cheese,Juice,Tomato,Pasta,Fish,Eggs,Beer,Diapers,,,,,
Bread,Juice,Yogurt,Butter,Eggs,Milk,,,,,,,
Chicken,Bread,Juice,Butter,Fish,Eggs,Beer,Diapers,,,,,
Milk,Cereal,Bread,Yogurt,Rice,Butter,Fish,Beer,Diapers,,,,
Cheese,Juice,Pasta,Beer,Eggs,Tomato,Diapers,,,,,,
Cheese,Juice,Yogurt,Pasta,Fish,Eggs,Tomato,,,,,,
Cereal,Bread,Cheese,Butter,Pasta,Fish,Tomato,Milk,,,,,
Milk,Cereal,Bread,Cheese,Yogurt,Juice,Pasta,Butter,Eggs,Beer,Diapers,,
Cheese,Bread,Juice,Butter,Pasta,Eggs,Beer,Diapers,,,,,
Cheese,Juice,Yogurt,Rice,Diapers,Beer,Eggs,Tomato,Milk,,,,
Cereal,Cheese,Diapers,Pasta,Beer,Tomato,Milk,,,,,,
Cheese,Juice,Pasta,Eggs,Beer,Diapers,,,,,,,
Cheese,Juice,Yogurt,Diapers,Pasta,Fish,Eggs,Beer,Milk,,,,
Milk,Cereal,Bread,Juice,Cheese,Rice,Butter,Pasta,Beer,Diapers,,,
Milk,Cereal,Juice,Butter,Beer,Fish,Eggs,Tomato,Diapers,,,,
Milk,Cereal,Bread,Juice,Cheese,Butter,Beer,Fish,Pasta,Eggs,Tomato,Diapers,
Cereal,Bread,Cheese,Butter,Pasta,Beer,Diapers,,,,,,
Milk,Cereal,Bread,Cheese,Juice,Butter,Pasta,Fish,Eggs,Beer,Diapers,,
Cheese,Bread,Juice,Diapers,Pasta,Eggs,Beer,Milk,,,,,
Bread,Juice,Butter,Eggs,Diapers,,,,,,,,
Milk,Cereal,Bread,Cheese,Yogurt,Juice,Butter,Pasta,Eggs,Beer,Diapers,,
Cereal,Bread,Cheese,Juice,Butter,Pasta,Eggs,Tomato,Milk,,,,
Chicken,Cereal,Milk,Cheese,Butter,Pasta,Fish,Eggs,Beer,Diapers,,,
Chicken,Cheese,Bread,Pasta,Butter,Milk,,,,,,,
Cereal,Bread,Cheese,Juice,Diapers,Pasta,Eggs,Beer,Milk,,,,
Cheese,Bread,Juice,Butter,Pasta,Eggs,Beer,Diapers,,,,,
Milk,Cereal,Bread,Cheese,Juice,Pasta,Butter,Fish,Eggs,Beer,Diapers,,
Cereal,Cheese,Pasta,Tomato,Milk,,,,,,,,
Cereal,Cheese,Juice,Rice,Butter,Pasta,Eggs,Tomato,Diapers,,,,
Milk,Cereal,Bread,Juice,Cheese,Butter,Pasta,Beer,Diapers,,,,
Cereal,Bread,Cheese,Juice,Butter,Pasta,Eggs,Tomato,Milk,,,,
Juice,Beer,Eggs,Tomato,Diapers,,,,,,,,
Cereal,Bread,Cheese,Diapers,Butter,Pasta,Milk,,,,,,
Cheese,Bread,Cereal,Juice,Butter,Eggs,Milk,,,,,,
Cereal,Bread,Cheese,Rice,Diapers,Butter,Pasta,Fish,Eggs,Beer,Milk,,
Beer,Cheese,Diapers,Pasta,,,,,,,,,
Cheese,Bread,Juice,Butter,Beer,Fish,Pasta,Eggs,Tomato,Diapers,,,
Chicken,Milk,Bread,Cereal,Yogurt,Cheese,Juice,Butter,Pasta,Eggs,Beer,Diapers,
Cereal,Cheese,Juice,Yogurt,Pasta,Fish,Eggs,Milk,,,,,
Chicken,Cheese,Bread,Juice,Pasta,Butter,Eggs,Beer,,,,,
Cheese,Bread,Juice,Butter,Pasta,Eggs,Beer,Diapers,,,,,
Chicken,Cereal,Bread,Juice,Butter,Beer,Diapers,,,,,,
Milk,Cereal,Bread,Butter,Beer,Diapers,,,,,,,
Cereal,Bread,Juice,Rice,Butter,Eggs,Beer,Milk,,,,,
Milk,Cereal,Bread,Cheese,Juice,Butter,Pasta,Fish,Eggs,Beer,Diapers,,
Milk,Cereal,Cheese,Yogurt,Pasta,Beer,Diapers,,,,,,
Cheese,Bread,Juice,Butter,Pasta,Eggs,Beer,Diapers,,,,,
Bread,Juice,Yogurt,Butter,Beer,Eggs,Tomato,Milk,,,,,
Cheese,Bread,Juice,Yogurt,Diapers,Butter,Fish,Eggs,Beer,Milk,,,
Bread,Juice,Butter,Fish,Milk,,,,,,,,
Cereal,Cheese,Juice,Diapers,Pasta,Fish,Eggs,Beer,Milk,,,,
Chicken,Cheese,Bread,Rice,Pasta,Butter,Beer,Diapers,,,,,
Cereal,Juice,Rice,Butter,Eggs,Milk,,,,,,,
Cereal,Bread,Butter,Fish,Tomato,Milk,,,,,,,
Chicken,Milk,Bread,Juice,Yogurt,Cereal,Cheese,Pasta,Butter,Eggs,Beer,Diapers,
Chicken,Cereal,Bread,Juice,Cheese,Butter,Pasta,Eggs,Beer,Diapers,,,
Bread,Juice,Butter,Eggs,Tomato,Diapers,,,,,,,
Milk,Cereal,Cheese,Bread,Butter,Pasta,Fish,Eggs,Beer,Diapers,,,
Cheese,Bread,Juice,Yogurt,Rice,Diapers,Butter,Pasta,Eggs,Beer,Milk,,
Bread,Yogurt,Butter,Beer,Diapers,,,,,,,,
Milk,Cheese,Bread,Juice,Pasta,Butter,Eggs,Beer,Diapers,,,,
Milk,Cereal,Bread,Yogurt,Rice,Pasta,Beer,Fish,Butter,Tomato,Diapers,,
Milk,Cheese,Bread,Rice,Butter,Beer,Fish,Pasta,Tomato,Diapers,,,
Chicken,Cheese,Rice,Pasta,Beer,Diapers,,,,,,,
Bread,Juice,Butter,Eggs,Beer,Diapers,,,,,,,
Chicken,Cheese,Milk,Cereal,Juice,Pasta,Fish,Eggs,Beer,Diapers,,,
Cheese,Juice,Eggs,Beer,Milk,,,,,,,,
Milk,Cereal,Bread,Cheese,Tomato,Yogurt,Rice,Butter,Pasta,Beer,Diapers,,
Cereal,Juice,Rice,Butter,Pasta,Beer,Diapers,,,,,,
Milk,Cereal,Bread,Juice,Rice,Butter,Pasta,Eggs,Beer,Diapers,,,
Chicken,Cereal,Bread,Juice,Cheese,Diapers,Pasta,Beer,Eggs,Tomato,Milk,,
Cereal,Bread,Juice,Cheese,Butter,Pasta,Eggs,Milk,,,,,
Milk,Cereal,Bread,Juice,Yogurt,Cheese,Pasta,Beer,Diapers,,,,
Chicken,Juice,Rice,Diapers,Butter,Fish,Eggs,Beer,Milk,,,,
Chicken,Cereal,Cheese,Butter,Pasta,Fish,Eggs,Beer,Diapers,,,,
Cheese,Bread,Butter,Pasta,Fish,Tomato,,,,,,,
Chicken,Juice,Rice,Eggs,Beer,Diapers,,,,,,,
Milk,Cereal,Bread,Juice,Butter,Fish,Eggs,Beer,Diapers,,,,
Milk,Cheese,Cereal,Bread,Tomato,Butter,Pasta,Fish,Beer,Diapers,,,
Chicken,Milk,Bread,Cereal,Juice,Rice,Butter,Fish,Eggs,Beer,Diapers,,
Cereal,Juice,Eggs,Beer,Milk,,,,,,,,
Chicken,Cereal,Cheese,Juice,Butter,Pasta,Fish,Eggs,Beer,Milk,,,
Cheese,Cereal,Juice,Bread,Pasta,Butter,Fish,Eggs,Beer,Milk,,,
Cereal,Cheese,Yogurt,Pasta,Tomato,Milk,,,,,,,
Cereal,Juice,Pasta,Eggs,Tomato,Milk,,,,,,,
Cheese,Bread,Juice,Butter,Fish,Beer,,,,,,,
Rice,Beer,Diapers,Fish,,,,,,,,,
Rice,Cereal,Juice,Eggs,,,,,,,,,
Cereal,Bread,Juice,Yogurt,Cheese,Butter,Pasta,Fish,Diapers,,,,
Cheese,Bread,Juice,Butter,Pasta,Fish,Eggs,,,,,,
Chicken,Cereal,Bread,Juice,Milk,Cheese,Butter,Pasta,Eggs,Beer,Diapers,,
Milk,Cereal,Yogurt,Rice,Beer,Tomato,Diapers,,,,,,
Chicken,Cheese,Juice,Butter,Eggs,Milk,,,,,,,
Chicken,Cereal,Yogurt,Diapers,Beer,Milk,,,,,,,
Milk,Cereal,Bread,Juice,Cheese,Pasta,Fish,Eggs,Tomato,Diapers,,,
Milk,Cereal,Bread,Cheese,Juice,Rice,Butter,Pasta,Eggs,Beer,Diapers,,
Cheese,Bread,Diapers,Pasta,Butter,Eggs,Beer,Milk,,,,,
Milk,Cheese,Cereal,Juice,Pasta,Eggs,Diapers,,,,,,
Milk,Cereal,Bread,Cheese,Yogurt,Butter,Beer,Pasta,Tomato,Diapers,,,
Milk,Cereal,Cheese,Butter,Pasta,Fish,Beer,Diapers,,,,,
Milk,Cheese,Cereal,Juice,Beer,Eggs,Tomato,Diapers,,,,,
Milk,Cereal,Bread,Cheese,Butter,Pasta,Eggs,Beer,Diapers,,,,
Chicken,Milk,Bread,Cereal,Cheese,Juice,Butter,Beer,Pasta,Eggs,Tomato,Diapers,
Milk,Cereal,Bread,Cheese,Juice,Butter,Pasta,Eggs,Beer,Diapers,,,
Cheese,Bread,Juice,Cereal,Butter,Pasta,Eggs,Beer,Milk,,,,
Cheese,Bread,Juice,Yogurt,Rice,Pasta,Beer,Eggs,Tomato,Diapers,,,
Cereal,Bread,Cheese,Yogurt,Rice,Pasta,Butter,Fish,Eggs,Milk,,,
Milk,Cereal,Bread,Juice,Rice,Butter,Pasta,Beer,Eggs,Tomato,Diapers,,
Chicken,Milk,Bread,Juice,Cereal,Cheese,Butter,Pasta,Fish,Beer,Diapers,,
Cheese,Juice,Pasta,Eggs,Beer,Diapers,,,,,,,
Cheese,Juice,Butter,Beer,Pasta,Eggs,Tomato,Diapers,,,,,
Chicken,Bread,Juice,Rice,Diapers,Butter,Beer,Eggs,Tomato,Milk,,,
Milk,Cereal,Bread,Cheese,Yogurt,Rice,Butter,Pasta,Eggs,Beer,Diapers,,
Cereal,Bread,Juice,Yogurt,Butter,Fish,Eggs,Milk,,,,,
Cereal,Bread,Yogurt,Tomato,Butter,Beer,,,,,,,
Cereal,Juice,Yogurt,Fish,Eggs,Milk,,,,,,,
Chicken,Cereal,Bread,Cheese,Juice,Diapers,Butter,Pasta,Eggs,Milk,,,
Milk,Cereal,Bread,Juice,Butter,Beer,Fish,Tomato,Diapers,,,,
Chicken,Milk,Cereal,Juice,Yogurt,Cheese,Pasta,Eggs,Beer,Diapers,,,
Milk,Cereal,Bread,Juice,Yogurt,Rice,Butter,Eggs,Diapers,,,,
Milk,Cheese,Bread,Juice,Cereal,Butter,Pasta,Eggs,Beer,Diapers,,,
Cheese,Cereal,Yogurt,Beer,Fish,Tomato,Milk,,,,,,
Chicken,Cereal,Bread,Juice,Yogurt,Rice,Pasta,Eggs,Milk,,,,
Chicken,Cheese,Bread,Milk,Cereal,Pasta,Fish,Beer,Diapers,,,,
Milk,Cereal,Bread,Juice,Yogurt,Rice,Butter,Eggs,Beer,Diapers,,,
Bread,Juice,Yogurt,Butter,Diapers,,,,,,,,
Milk,Cheese,Cereal,Juice,Pasta,Beer,Diapers,,,,,,
Milk,Cheese,Cereal,Juice,Yogurt,Rice,Eggs,Beer,Diapers,,,,
Cereal,Bread,Juice,Yogurt,Rice,Butter,Fish,Eggs,Milk,,,,
Cereal,Cheese,Juice,Pasta,Eggs,Tomato,Milk,,,,,,
Milk,Cereal,Rice,Fish,Eggs,Tomato,Diapers,,,,,,
Cereal,Bread,Juice,Yogurt,Cheese,Rice,Butter,Pasta,Tomato,,,,
Chicken,Cereal,Bread,Cheese,Juice,Butter,Pasta,Eggs,Milk,,,,
Chicken,Cereal,Bread,Cheese,Tomato,Juice,Diapers,Butter,Pasta,Eggs,Beer,Milk,
Cereal,Diapers,Pasta,Fish,Eggs,Milk,,,,,,,
Cereal,Bread,Juice,Butter,Eggs,Milk,,,,,,,
Chicken,Cheese,Bread,Butter,Pasta,Fish,Eggs,Beer,Diapers,,,,
Milk,Cereal,Beer,Tomato,Diapers,,,,,,,,
Cereal,Cheese,Juice,Pasta,Eggs,Milk,,,,,,,
Chicken,Cereal,Bread,Yogurt,Rice,Tomato,Milk,,,,,,
Cereal,Cheese,Juice,Rice,Pasta,Eggs,,,,,,,
Chicken,Milk,Bread,Cereal,Tomato,Rice,Butter,Beer,Diapers,,,,
Milk,Cereal,Cheese,Juice,Yogurt,Pasta,Fish,Eggs,Beer,Diapers,,,
Milk,Cereal,Bread,Cheese,Juice,Butter,Pasta,Eggs,Beer,Diapers,,,
Milk,Cheese,Bread,Cereal,Butter,Fish,Beer,Diapers,,,,,
Milk,Cereal,Cheese,Juice,Yogurt,Bread,Butter,Fish,Beer,Diapers,,,
Cereal,Bread,Cheese,Yogurt,Juice,Rice,Pasta,Butter,Fish,Eggs,Milk,,
Chicken,Cereal,Bread,Rice,Diapers,Butter,Beer,Milk,,,,,
Cheese,Juice,Tomato,Diapers,Pasta,Eggs,Beer,Milk,,,,,
Cereal,Bread,Juice,Cheese,Pasta,Eggs,Tomato,Milk,,,,,
Milk,Cheese,Bread,Pasta,Butter,Fish,Beer,Diapers,,,,,
Chicken,Cereal,Cheese,Juice,Rice,Diapers,Butter,Beer,Pasta,Eggs,Tomato,Milk,
Cereal,Bread,Juice,Butter,Fish,Eggs,Milk,,,,,,
Milk,Cereal,Cheese,Juice,Butter,Pasta,Fish,Eggs,Beer,Diapers,,,
Cheese,Juice,Pasta,Beer,Tomato,Diapers,,,,,,,
Chicken,Cereal,Bread,Cheese,Yogurt,Butter,Pasta,Milk,,,,,
Cheese,Juice,Yogurt,Butter,Pasta,Eggs,Beer,Diapers,,,,,
Milk,Cheese,Bread,Cereal,Juice,Rice,Butter,Beer,Eggs,Tomato,Diapers,,
Milk,Cereal,Cheese,Juice,Yogurt,Butter,Pasta,Eggs,Beer,Diapers,,,
Milk,Cereal,Juice,Pasta,Eggs,Beer,Diapers,,,,,,
Cereal,Juice,Fish,Eggs,Milk,,,,,,,,
Cereal,Cheese,Juice,Pasta,Beer,Milk,,,,,,,
Milk,Cereal,Bread,Juice,Butter,Beer,Eggs,Tomato,Diapers,,,,
Milk,Cheese,Cereal,Juice,Beer,Fish,Eggs,Tomato,Diapers,,,,
Milk,Cereal,Cheese,Juice,Tomato,Yogurt,Rice,Pasta,Eggs,Beer,Diapers,,
Chicken,Cheese,Bread,Juice,Milk,Cereal,Butter,Pasta,Eggs,Diapers,,,
Cheese,Cereal,Juice,Rice,Diapers,Pasta,Eggs,Milk,,,,,
Cheese,Bread,Juice,Cereal,Rice,Butter,Pasta,Fish,Eggs,Beer,Milk,,
Milk,Cheese,Bread,Cereal,Rice,Butter,Pasta,Beer,Diapers,,,,
Milk,Cereal,Bread,Cheese,Butter,Pasta,Fish,Eggs,Beer,Diapers,,,
Cheese,Bread,Juice,Butter,Beer,Fish,Eggs,Tomato,Diapers,,,,
Cereal,Bread,Cheese,Juice,Butter,Pasta,Eggs,Diapers,,,,,
Milk,Cereal,Bread,Juice,Butter,Eggs,Beer,Diapers,,,,,
Chicken,Cereal,Juice,Diapers,Pasta,Eggs,Milk,,,,,,
Chicken,Milk,Cereal,Cheese,Pasta,Beer,Fish,Tomato,Diapers,,,,
Cheese,Bread,Juice,Rice,Butter,Pasta,Eggs,Beer,Diapers,,,,
Milk,Cereal,Bread,Juice,Yogurt,Pasta,Eggs,Beer,Diapers,,,,
Cereal,Juice,Fish,Eggs,Tomato,Milk,,,,,,,
Milk,Cereal,Bread,Juice,Yogurt,Rice,Pasta,Butter,Eggs,Beer,Diapers,,
Milk,Cheese,Bread,Juice,Cereal,Butter,Beer,Tomato,Diapers,,,,
Milk,Cereal,Bread,Juice,Butter,Eggs,Beer,Diapers,,,,,
Cereal,Bread,Juice,Yogurt,Rice,Butter,Eggs,Tomato,,,,,
Milk,Cheese,Cereal,Bread,Rice,Butter,Beer,Pasta,Tomato,Diapers,,,
Cereal,Bread,Cheese,Yogurt,Butter,Pasta,Beer,Milk,,,,,
Milk,Cereal,Cheese,Juice,Rice,Butter,Beer,Pasta,Eggs,Tomato,Diapers,,
Milk,Cereal,Bread,Cheese,Juice,Pasta,Butter,Eggs,Beer,Diapers,,,
Milk,Cereal,Bread,Juice,Yogurt,Cheese,Pasta,Beer,Tomato,Diapers,,,
Chicken,Cereal,Bread,Cheese,Juice,Butter,Pasta,Eggs,,,,,
Milk,Cereal,Cheese,Bread,Yogurt,Juice,Butter,Fish,Eggs,Beer,Diapers,,
Cereal,Bread,Cheese,Yogurt,Juice,Diapers,Butter,Pasta,Eggs,Milk,,,
Milk,Cheese,Bread,Cereal,Juice,Butter,Fish,Eggs,Beer,Diapers,,,
Cheese,Bread,Cereal,Juice,Diapers,Pasta,Eggs,Beer,Milk,,,,
Milk,Juice,Tomato,Pasta,Eggs,Beer,Diapers,,,,,,
Cereal,Bread,Juice,Cheese,Rice,Butter,Pasta,Eggs,Milk,,,,
Cereal,Bread,Juice,Cheese,Rice,Butter,Pasta,Tomato,Milk,,,,
Chicken,Cereal,Bread,Cheese,Juice,Rice,Pasta,Fish,Eggs,Beer,Diapers,,
Chicken,Cheese,Bread,Juice,Yogurt,Butter,Pasta,Eggs,Milk,,,,
Milk,Cereal,Bread,Juice,Yogurt,Pasta,Butter,Eggs,Beer,Diapers,,,
Cereal,Cheese,Juice,Butter,Pasta,Eggs,Beer,Milk,,,,,
Cereal,Bread,Cheese,Juice,Butter,Pasta,Fish,Eggs,Tomato,Milk,,,
Chicken,Milk,Bread,Juice,Cereal,Cheese,Rice,Pasta,Butter,Fish,Beer,Diapers,
Milk,Cereal,Bread,Cheese,Juice,Rice,Pasta,Butter,Eggs,Beer,Diapers,,
Chicken,Cereal,Milk,Juice,Tomato,Diapers,,,,,,,
Milk,Cereal,Cheese,Juice,Yogurt,Bread,Butter,Diapers,,,,,
Milk,Cereal,Cheese,Juice,Rice,Butter,Pasta,Eggs,Beer,Diapers,,,
Cereal,Bread,Cheese,Yogurt,Diapers,Pasta,Beer,Milk,,,,,
Cereal,Bread,Cheese,Juice,Rice,Diapers,Butter,Pasta,Fish,Eggs,Beer,Milk,
Chicken,Milk,Bread,Cereal,Cheese,Rice,Butter,Pasta,Beer,Diapers,,,
Chicken,Cereal,Cheese,Bread,Butter,Fish,Diapers,,,,,,
Milk,Cereal,Bread,Juice,Cheese,Butter,Pasta,Eggs,Beer,Diapers,,,
Bread,Juice,Tomato,Rice,Diapers,Butter,Eggs,Beer,Milk,,,,
Cheese,Bread,Juice,Rice,Pasta,Butter,Eggs,Beer,Diapers,,,,
Cereal,Bread,Juice,Cheese,Pasta,Milk,,,,,,,
Cereal,Bread,Rice,Pasta,Beer,Tomato,Milk,,,,,,
Cheese,Bread,Yogurt,Butter,Pasta,Beer,Diapers,,,,,,
Milk,Cheese,Juice,Pasta,Fish,Eggs,Beer,Diapers,,,,,
Cereal,Bread,Cheese,Butter,Beer,Pasta,Tomato,Milk,,,,,
Cheese,Bread,Juice,Yogurt,Rice,Butter,Beer,Fish,Pasta,Eggs,Tomato,Diapers,
Cheese,Cereal,Juice,Yogurt,Rice,Pasta,Eggs,Beer,Milk,,,,
Cereal,Cheese,Juice,Rice,Pasta,Fish,Eggs,Tomato,Milk,,,,
Milk,Cereal,Bread,Yogurt,Rice,Butter,Beer,Diapers,,,,,
Cereal,Bread,Cheese,Juice,Diapers,Pasta,Beer,Fish,Eggs,Tomato,Milk,,
Cereal,Bread,Cheese,Tomato,Yogurt,Rice,Pasta,Beer,Milk,,,,
Milk,Cereal,Bread,Cheese,Juice,Butter,Pasta,Fish,Eggs,Beer,Diapers,,
Chicken,Bread,Juice,Butter,Pasta,Eggs,Beer,Diapers,,,,,
Cheese,Juice,Yogurt,Pasta,Eggs,Diapers,,,,,,,
Cereal,Bread,Juice,Yogurt,Diapers,Pasta,Eggs,Beer,Milk,,,,
Cheese,Bread,Cereal,Diapers,Butter,Beer,Pasta,Tomato,Milk,,,,
Chicken,Milk,Bread,Juice,Cereal,Cheese,Butter,Pasta,Eggs,Diapers,,,
Cereal,Cheese,Juice,Diapers,Pasta,Fish,Eggs,Beer,Milk,,,,
Milk,Cereal,Bread,Cheese,Juice,Butter,Pasta,Eggs,Diapers,,,,
Milk,Cereal,Bread,Cheese,Juice,Pasta,Butter,Eggs,Tomato,Diapers,,,
Chicken,Milk,Cereal,Juice,Rice,Butter,Eggs,Beer,Diapers,,,,
Bread,Juice,Rice,Butter,Eggs,Beer,,,,,,,
Milk,Cereal,Cheese,Rice,Butter,Pasta,Beer,Diapers,,,,,
Milk,Cereal,Bread,Cheese,Yogurt,Juice,Pasta,Fish,Eggs,Beer,Diapers,,
Chicken,Cereal,Cheese,Juice,Yogurt,Diapers,Pasta,Eggs,Beer,Milk,,,
Chicken,Cereal,Bread,Milk,Yogurt,Juice,Pasta,Butter,Eggs,Diapers,,,
Cereal,Bread,Juice,Butter,Eggs,Beer,Diapers,,,,,,
Cereal,Cheese,Juice,Pasta,Milk,,,,,,,,
Milk,Cheese,Cereal,Pasta,Beer,Tomato,Diapers,,,,,,
Chicken,Milk,Cereal,Juice,Butter,Pasta,Eggs,Beer,Diapers,,,,
Cheese,Bread,Yogurt,Butter,Pasta,Fish,Beer,Milk,,,,,
Milk,Cereal,Bread,Juice,Butter,Beer,Pasta,Eggs,Tomato,Diapers,,,
Cheese,Juice,Yogurt,Rice,Butter,Pasta,Beer,Eggs,Tomato,Diapers,,,
Milk,Cereal,Bread,Cheese,Butter,Pasta,Eggs,Beer,Diapers,,,,
Chicken,Cheese,Bread,Cereal,Yogurt,Juice,Diapers,Pasta,Eggs,Beer,Milk,,
Cheese,Cereal,Bread,Yogurt,Rice,Diapers,Butter,Pasta,Beer,Milk,,,
Bread,Juice,Yogurt,Rice,Butter,Eggs,,,,,,,
Chicken,Cereal,Bread,Cheese,Yogurt,Rice,Pasta,Eggs,,,,,
Cheese,Cereal,Tomato,Yogurt,Diapers,Beer,Milk,,,,,,
Cereal,Bread,Juice,Diapers,Pasta,Eggs,Beer,Milk,,,,,
Cereal,Bread,Juice,Cheese,Rice,Diapers,Butter,Pasta,Fish,Beer,Milk,,
Chicken,Cereal,Bread,Juice,Diapers,Butter,Eggs,Beer,Milk,,,,
Cereal,Cheese,Juice,Rice,Diapers,Butter,Pasta,Fish,Eggs,Beer,Milk,,
Cereal,Bread,Cheese,Yogurt,Juice,Diapers,Butter,Pasta,Eggs,Milk,,,
Chicken,Milk,Bread,Cereal,Yogurt,Cheese,Juice,Pasta,Butter,Eggs,Beer,Diapers,
Milk,Cereal,Bread,Cheese,Juice,Rice,Butter,Beer,Pasta,Eggs,Tomato,Diapers,
Milk,Cereal,Bread,Juice,Butter,Beer,Eggs,Tomato,Diapers,,,,
Milk,Cereal,Bread,Juice,Yogurt,Rice,Butter,Eggs,Beer,Diapers,,,
Cheese,Bread,Juice,Yogurt,Butter,Pasta,Eggs,Beer,Diapers,,,,
Cereal,Cheese,Diapers,Pasta,Beer,Milk,,,,,,,
Milk,Cheese,Bread,Cereal,Juice,Rice,Butter,Eggs,Beer,Diapers,,,
Milk,Cereal,Bread,Cheese,Tomato,Juice,Butter,Pasta,Eggs,Beer,Diapers,,
Cheese,Cereal,Juice,Diapers,Pasta,Beer,Eggs,Tomato,Milk,,,,
Cheese,Bread,Juice,Butter,Pasta,Fish,Eggs,,,,,,
Cereal,Bread,Juice,Rice,Butter,Eggs,Beer,Milk,,,,,
Cereal,Bread,Cheese,Rice,Butter,Pasta,Milk,,,,,,
Bread,Juice,Yogurt,Butter,Eggs,,,,,,,,
Chicken,Juice,Diapers,Beer,Eggs,Tomato,Milk,,,,,,
Chicken,Milk,Bread,Cereal,Cheese,Juice,Pasta,Butter,Fish,Eggs,Beer,Diapers,
Cheese,Bread,Cereal,Juice,Rice,Butter,Pasta,Fish,Eggs,,,,
Cereal,Cheese,Juice,Yogurt,Butter,Pasta,Beer,Milk,,,,,
Chicken,Milk,Bread,Cereal,Yogurt,Rice,Butter,Tomato,Diapers,,,,
Cheese,Pasta,Eggs,Juice,,,,,,,,,
Chicken,Cereal,Cheese,Rice,Butter,Pasta,Eggs,Beer,Milk,,,,
Milk,Cereal,Bread,Cheese,Yogurt,Juice,Rice,Butter,Pasta,Eggs,Beer,Diapers,
Cereal,Bread,Juice,Butter,Pasta,Eggs,,,,,,,
Cereal,Cheese,Juice,Pasta,Eggs,Beer,Milk,,,,,,
Chicken,Cereal,Bread,Cheese,Butter,Pasta,Fish,Milk,,,,,
Milk,Cereal,Bread,Rice,Butter,Beer,Diapers,,,,,,
Cereal,Juice,Pasta,Eggs,Beer,Diapers,,,,,,,
Cereal,Bread,Cheese,Juice,Diapers,Butter,Pasta,Eggs,Beer,Milk,,,
Cereal,Bread,Cheese,Butter,Milk,,,,,,,,
Cheese,Cereal,Juice,Yogurt,Diapers,Fish,Eggs,Beer,Milk,,,,
Chicken,Cereal,Cheese,Juice,Rice,Pasta,Eggs,Tomato,Milk,,,,
Milk,Cereal,Bread,Juice,Yogurt,Cheese,Pasta,Butter,Beer,Diapers,,,
Milk,Cheese,Pasta,Beer,Tomato,Diapers,,,,,,,
Cheese,Juice,Butter,Pasta,Eggs,Beer,Diapers,,,,,,
Milk,Cereal,Bread,Pasta,Beer,Fish,Butter,Eggs,Tomato,Diapers,,,
Milk,Cheese,Bread,Cereal,Juice,Butter,Eggs,Diapers,,,,,
Cereal,Cheese,Juice,Pasta,Eggs,Tomato,Milk,,,,,,
Cheese,Cereal,Juice,Butter,Pasta,Tomato,Milk,,,,,,
Chicken,Bread,Juice,Butter,Fish,Tomato,Diapers,,,,,,
Cereal,Juice,Yogurt,Diapers,Eggs,Beer,Milk,,,,,,
Chicken,Milk,Bread,Juice,Yogurt,Rice,Butter,Beer,Eggs,Tomato,Diapers,,
Chicken,Cereal,Cheese,Pasta,Eggs,Milk,,,,,,,
Cheese,Cereal,Juice,Diapers,Eggs,Milk,,,,,,,
Chicken,Milk,Bread,Juice,Yogurt,Cereal,Butter,Beer,Diapers,,,,
Cereal,Bread,Juice,Butter,Fish,Eggs,Tomato,Milk,,,,,
Cereal,Bread,Juice,Rice,Diapers,Butter,Beer,Milk,,,,,
Chicken,Milk,Cereal,Cheese,Yogurt,Rice,Pasta,Beer,Diapers,,,,
Milk,Cheese,Bread,Juice,Pasta,Butter,Beer,Diapers,,,,,
Milk,Cereal,Bread,Juice,Yogurt,Pasta,Butter,Fish,Eggs,Beer,Diapers,,
Cereal,Bread,Juice,Cheese,Diapers,Butter,Pasta,Fish,Eggs,Beer,Milk,,
Cereal,Bread,Cheese,Tomato,Rice,Diapers,Butter,Pasta,Beer,Milk,,,
Cereal,Bread,Juice,Cheese,Pasta,Eggs,,,,,,,
Chicken,Cheese,Juice,Yogurt,Pasta,Eggs,Beer,Diapers,,,,,
Cereal,Juice,Yogurt,Diapers,Pasta,Fish,Eggs,Beer,Milk,,,,
Cheese,Juice,Pasta,Eggs,Beer,Diapers,,,,,,,
Cereal,Juice,Rice,Eggs,Milk,,,,,,,,
Cheese,Bread,Cereal,Pasta,Butter,Eggs,Beer,Milk,,,,,
Cheese,Cereal,Juice,Eggs,Beer,Milk,,,,,,,
Cereal,Bread,Cheese,Butter,Pasta,Milk,,,,,,,
Milk,Cereal,Cheese,Yogurt,Rice,Pasta,Beer,Diapers,,,,,
Chicken,Cereal,Cheese,Juice,Butter,Pasta,Eggs,Tomato,Milk,,,,
Cereal,Cheese,Diapers,Butter,Beer,Pasta,Tomato,Milk,,,,,
Cheese,Bread,Butter,Pasta,Eggs,,,,,,,,
Milk,Cheese,Bread,Butter,Pasta,Diapers,,,,,,,
Beer,Diapers,Eggs,Juice,,,,,,,,,
Cereal,Bread,Juice,Diapers,Butter,Eggs,Milk,,,,,,
Chicken,Milk,Bread,Cereal,Cheese,Butter,Pasta,Eggs,Beer,Diapers,,,
Bread,Juice,Tomato,Butter,Eggs,Beer,Diapers,,,,,,
Milk,Cereal,Juice,Pasta,Beer,Fish,Eggs,Tomato,Diapers,,,,
Cereal,Juice,Beer,Eggs,Tomato,Milk,,,,,,,
Cereal,Juice,Yogurt,Eggs,Tomato,Milk,,,,,,,
Milk,Cereal,Juice,Fish,Eggs,Beer,Diapers,,,,,,
Cheese,Bread,Pasta,Butter,Fish,Beer,Diapers,,,,,,
Cheese,Bread,Juice,Butter,Pasta,Eggs,Beer,Diapers,,,,,
Chicken,Cheese,Bread,Juice,Yogurt,Pasta,Butter,Fish,Eggs,Beer,Diapers,,
Cereal,Bread,Butter,Eggs,Beer,Diapers,,,,,,,
Milk,Cereal,Bread,Cheese,Tomato,Yogurt,Pasta,Beer,Diapers,,,,
Chicken,Cereal,Bread,Milk,Yogurt,Cheese,Rice,Butter,Pasta,Eggs,Beer,Diapers,
Cereal,Bread,Cheese,Yogurt,Juice,Butter,Pasta,Fish,Eggs,Beer,Diapers,,
Cereal,Cheese,Yogurt,Rice,Pasta,Beer,,,,,,,
Cheese,Bread,Juice,Butter,Pasta,Eggs,Beer,Diapers,,,,,
Chicken,Cereal,Juice,,,,,,,,,,
Chicken,Milk,Bread,Cereal,Juice,Rice,Butter,Eggs,Beer,Diapers,,,
Chicken,Cereal,Bread,Juice,Yogurt,Cheese,Butter,Pasta,Beer,Milk,,,
Milk,Cereal,Bread,Juice,Rice,Butter,Beer,Fish,Eggs,Tomato,Diapers,,
Cheese,Bread,Juice,Butter,Beer,Pasta,Eggs,Tomato,,,,,
Milk,Cheese,Bread,Cereal,Juice,Butter,Pasta,Eggs,Beer,Diapers,,,
Milk,Cereal,Bread,Juice,Cheese,Butter,Pasta,Beer,Diapers,,,,
Cereal,Milk,Eggs,Fish,,,,,,,,,
Cheese,Bread,Cereal,Juice,Diapers,Butter,Beer,Eggs,Tomato,Milk,,,
Milk,Cereal,Bread,Juice,Cheese,Pasta,Butter,Beer,Diapers,,,,
Chicken,Cheese,Bread,Juice,Yogurt,Butter,Pasta,Eggs,Tomato,Milk,,,
Cheese,Bread,Juice,Tomato,Pasta,Eggs,Beer,Diapers,,,,,
Cheese,Pasta,Eggs,Juice,,,,,,,,,
Bread,Juice,Rice,Butter,Eggs,Beer,Diapers,,,,,,
Cereal,Bread,Juice,Yogurt,Cheese,Pasta,Milk,,,,,,
Cereal,Cheese,Bread,Yogurt,Juice,Rice,Butter,Pasta,Eggs,Beer,,,
Bread,Juice,Butter,Tomato,Milk,,,,,,,,
Milk,Cereal,Bread,Cheese,Juice,Pasta,Butter,Fish,Eggs,Beer,Diapers,,
Cereal,Bread,Juice,Rice,Diapers,Butter,Beer,Eggs,Tomato,Milk,,,
Cereal,Bread,Yogurt,Rice,Butter,Milk,,,,,,,
Milk,Cereal,Bread,Juice,Yogurt,Butter,Eggs,Beer,Diapers,,,,
Milk,Cereal,Cheese,Bread,Butter,Beer,Diapers,,,,,,
Cereal,Bread,Cheese,Butter,Fish,Eggs,Milk,,,,,,
Milk,Cheese,Cereal,Juice,Pasta,Eggs,Beer,Diapers,,,,,
Cheese,Bread,Juice,Cereal,Butter,Pasta,Eggs,Beer,Milk,,,,
Cereal,Bread,Juice,Cheese,Pasta,Eggs,Milk,,,,,,
Milk,Cereal,Cheese,Juice,Pasta,Eggs,Beer,Diapers,,,,,
Milk,Cereal,Bread,Cheese,Yogurt,Juice,Pasta,Butter,Eggs,Beer,Diapers,,
Milk,Cereal,Bread,Cheese,Butter,Pasta,Eggs,Beer,Diapers,,,,
Chicken,Cereal,Cheese,Juice,Rice,Diapers,Pasta,Eggs,Beer,Milk,,,
Cereal,Bread,Cheese,Rice,Butter,Pasta,Milk,,,,,,
Cereal,Cheese,Juice,Tomato,Diapers,Pasta,Beer,Milk,,,,,
Cereal,Bread,Diapers,Pasta,Beer,Milk,,,,,,,
Cereal,Bread,Cheese,Butter,Pasta,Beer,Diapers,,,,,,
Cereal,Bread,Cheese,Yogurt,Juice,Rice,Butter,Pasta,Eggs,Beer,Diapers,,
Cheese,Cereal,Bread,Butter,Pasta,Fish,Eggs,Beer,Milk,,,,
Bread,Juice,Butter,Eggs,Beer,Diapers,,,,,,,
Cereal,Bread,Rice,Fish,Milk,,,,,,,,
Chicken,Milk,Bread,Juice,Cereal,Rice,Butter,Eggs,Beer,Diapers,,,
Chicken,Cheese,Milk,Cereal,Juice,Rice,Pasta,Beer,Eggs,Tomato,Diapers,,
Bread,Juice,Butter,Fish,Eggs,,,,,,,,
