Chicken,Bread,Juice,Butter,Rice,
Fish,Bread,,,,
Juice,Eggs,Butter,,,
Bread,Eggs,Cereal,Chicken,Tomato,
Chicken,Milk,Beer,Fish,,
Juice,Fish,Pasta,Tomato,,
Butter,Pasta,,,,
Milk,Bread,Eggs,Cheese,,
Fish,Cereal,Tomato,Beer,Butter,Yogurt
Bread,Chicken,Butter,Diapers,Tomato,
Juice,Pasta,Yogurt,Beer,Rice,
Cereal,Tomato,Beer,Butter,,
Pasta,Chicken,Cereal,Rice,Diapers,Butter
Butter,Pasta,Diapers,Fish,Tomato,
Milk,Eggs,Fish,Juice,,
Cereal,Pasta,Milk,,,
Pasta,Bread,Beer,Eggs,,
Juice,Butter,Milk,Fish,Bread,Diapers
Eggs,Cereal,Butter,,,
Pasta,Yogurt,Cereal,Juice,Eggs,
Milk,Eggs,Chicken,Bread,Cereal,Fish
Butter,Beer,Milk,,,
Beer,Chicken,Yogurt,Tomato,Pasta,
Pasta,Diapers,Tomato,Juice,Milk,Yogurt
Juice,Cereal,Cheese,Diapers,Butter,
Yogurt,Beer,Tomato,Eggs,Rice,
Chicken,Milk,Bread,Diapers,,
Cereal,Juice,,,,
Cheese,Diapers,,,,
Chicken,Bread,Juice,Eggs,Rice,Butter
Eggs,Cheese,Cereal,Juice,Milk,Bread
Eggs,Milk,Cereal,Juice,,
Pasta,Cheese,Cereal,,,
Yogurt,Butter,Rice,Milk,Cheese,Tomato
Rice,Cereal,Tomato,Butter,,
Chicken,Beer,Cereal,Rice,Milk,
Eggs,Milk,Cereal,,,
Fish,Butter,Chicken,Tomato,,
Diapers,Cereal,Chicken,Juice,Eggs,Bread
Milk,Cereal,,,,
Chicken,Rice,Bread,Pasta,Yogurt,
Cereal,Rice,Diapers,Fish,Cheese,Chicken
Diapers,Juice,Eggs,Beer,,
Fish,Bread,Cereal,,,
Beer,Eggs,Chicken,Diapers,Juice,Tomato
Diapers,Yogurt,Butter,Cereal,Tomato,
Yogurt,Bread,Tomato,Fish,,
Juice,Yogurt,Tomato,,,
Cereal,Diapers,,,,
Cereal,Yogurt,,,,
Bread,Eggs,Juice,Fish,,
Pasta,Cereal,Tomato,,,
Cheese,Fish,Beer,Bread,,
Tomato,Diapers,Pasta,Bread,Rice,
Tomato,Cheese,Fish,Eggs,Bread,Chicken
Milk,Cheese,Eggs,Bread,Pasta,Rice
Rice,Butter,Yogurt,Cereal,Milk,Chicken
Eggs,Butter,Diapers,Tomato,,
Chicken,Bread,Yogurt,Eggs,Butter,Juice
Beer,Tomato,Juice,Pasta,,
Butter,Eggs,Yogurt,Juice,Tomato,
Milk,Tomato,Chicken,Juice,Yogurt,
Pasta,Fish,Cheese,Butter,Tomato,Juice
Butter,Juice,Fish,Yogurt,,
Cereal,Yogurt,,,,
Milk,Juice,,,,
Bread,Beer,Cheese,Chicken,,
Yogurt,Milk,,,,
Chicken,Milk,Diapers,Eggs,Fish,
Beer,Pasta,Chicken,,,
Juice,Chicken,,,,
Juice,Eggs,Diapers,Bread,Cereal,Chicken
Yogurt,Pasta,Cereal,Diapers,Fish,Cheese
Milk,Diapers,Rice,,,
Rice,Eggs,Beer,Diapers,,
Yogurt,Fish,Pasta,Chicken,,
Eggs,Tomato,Cheese,Chicken,Bread,Diapers
Yogurt,Juice,Beer,Chicken,Bread,Milk
Tomato,Cereal,Juice,,,
Cereal,Cheese,Eggs,Bread,Yogurt,
Tomato,Yogurt,Diapers,Cereal,,
Juice,Butter,Diapers,Chicken,Eggs,
Butter,Diapers,,,,
Cereal,Milk,Fish,Eggs,Yogurt,Juice
Bread,Cereal,Beer,,,
Milk,Bread,Fish,,,
Butter,Pasta,Beer,Milk,Yogurt,
Rice,Butter,Diapers,,,
Fish,Beer,Milk,Tomato,Bread,
Tomato,Juice,Yogurt,Chicken,Butter,
Diapers,Pasta,Juice,,,
Eggs,Cereal,Yogurt,Pasta,Beer,Rice
Rice,Yogurt,Milk,,,
Fish,Milk,Chicken,Cereal,Eggs,
Beer,Diapers,,,,
Fish,Pasta,Yogurt,Diapers,Milk,
Diapers,Yogurt,Cheese,Cereal,,
Fish,Cereal,,,,
Milk,Pasta,,,,
Chicken,Beer,Juice,Cereal,Diapers,
Eggs,Milk,Cereal,Rice,Yogurt,Pasta
Juice,Cereal,,,,
Rice,Cheese,Tomato,Yogurt,Pasta,Fish
Juice,Bread,Tomato,,,
Yogurt,Eggs,,,,
Yogurt,Cheese,Pasta,Chicken,Rice,Tomato
Butter,Cereal,Tomato,Juice,,
Pasta,Butter,Diapers,Chicken,Tomato,Yogurt
Yogurt,Pasta,Bread,Cereal,Butter,Eggs
Juice,Pasta,,,,
Chicken,Cereal,Milk,Diapers,Butter,Fish
Juice,Rice,Butter,Fish,Diapers,
Beer,Yogurt,Juice,Cereal,Chicken,
Beer,Pasta,,,,
Eggs,Fish,Juice,Pasta,Milk,Tomato
Juice,Bread,Pasta,Diapers,Yogurt,
Butter,Fish,Cereal,Beer,Chicken,
Juice,Eggs,Beer,Cheese,,
Eggs,Fish,Chicken,Rice,Juice,Cheese
Butter,Tomato,Juice,Chicken,,
Beer,Cereal,Cheese,,,
Rice,Eggs,Fish,Bread,Tomato,
Chicken,Yogurt,,,,
Cheese,Milk,Cereal,Eggs,Diapers,Fish
Rice,Butter,Juice,,,
Yogurt,Eggs,Cheese,Pasta,Butter,
Rice,Bread,Cereal,Pasta,Milk,Cheese
Tomato,Milk,Cheese,Rice,,
Cheese,Beer,Milk,Diapers,Juice,Chicken
Tomato,Chicken,,,,
Tomato,Rice,Fish,Chicken,Beer,
Cereal,Butter,,,,
Milk,Rice,,,,
Eggs,Bread,,,,
Juice,Cereal,Cheese,Fish,Beer,
Bread,Cereal,Butter,,,
Tomato,Chicken,Butter,,,
Diapers,Rice,,,,
Cheese,Cereal,Milk,,,
Diapers,Cereal,Juice,Fish,Rice,
Cereal,Juice,Milk,,,
Diapers,Yogurt,Juice,Cheese,Tomato,
Eggs,Yogurt,Cheese,Fish,,
Chicken,Milk,Cereal,Butter,Eggs,Diapers
Eggs,Yogurt,Milk,Tomato,Chicken,Cheese
Pasta,Tomato,Chicken,Milk,Eggs,
Chicken,Cheese,,,,
Juice,Butter,Cereal,Chicken,Milk,Rice
Butter,Beer,Yogurt,Pasta,,
Chicken,Cereal,Yogurt,Fish,Beer,Butter
Juice,Eggs,Cereal,Beer,,
Rice,Fish,Cheese,Chicken,Pasta,Eggs
Eggs,Fish,Rice,Yogurt,Milk,
Yogurt,Bread,Tomato,Juice,Fish,
Diapers,Bread,Yogurt,Cheese,Tomato,
Pasta,Diapers,Cereal,Juice,Milk,
Juice,Bread,Tomato,,,
Butter,Eggs,Yogurt,Fish,,
Tomato,Juice,,,,
Chicken,Juice,Tomato,Milk,Butter,Pasta
Rice,Beer,Cheese,Butter,Bread,Chicken
Beer,Tomato,Juice,Rice,Eggs,Butter
Butter,Chicken,Tomato,,,
Cheese,Tomato,Yogurt,Chicken,Pasta,
Yogurt,Tomato,Chicken,Pasta,Diapers,
Butter,Bread,Yogurt,,,
Rice,Milk,Cheese,,,
Pasta,Rice,Tomato,,,
Pasta,Cereal,,,,
Tomato,Bread,Butter,Fish,Diapers,Beer
Yogurt,Juice,Tomato,Diapers,Milk,Cereal
Rice,Chicken,Tomato,,,
Diapers,Eggs,Cereal,,,
Juice,Bread,Tomato,Milk,Beer,Cheese
Pasta,Chicken,Eggs,Fish,,
Butter,Yogurt,Beer,Juice,Pasta,Cheese
Rice,Yogurt,Eggs,,,
Juice,Fish,,,,
Eggs,Fish,Juice,Cereal,Butter,Yogurt
Diapers,Tomato,Butter,,,
Tomato,Bread,,,,
Butter,Chicken,Milk,Cereal,,
Cheese,Tomato,Rice,Milk,Bread,Beer
Diapers,Eggs,Tomato,Juice,Milk,Bread
Fish,Yogurt,Tomato,Chicken,,
Bread,Eggs,Juice,Milk,Rice,
Tomato,Cheese,Diapers,Eggs,,
Cheese,Beer,Butter,Diapers,,
Butter,Cereal,Pasta,Cheese,,
Bread,Butter,Tomato,Rice,Eggs,Diapers
Yogurt,Tomato,Fish,Butter,Chicken,Cereal
Chicken,Bread,,,,
Butter,Bread,Pasta,Yogurt,Cereal,
Bread,Juice,Pasta,Yogurt,Cereal,
Rice,Cheese,Beer,Pasta,Cereal,
Juice,Eggs,Cheese,Diapers,Tomato,Yogurt
Yogurt,Diapers,,,,
Cheese,Tomato,Cereal,Milk,Eggs,Pasta
Yogurt,Juice,Butter,Milk,Bread,
Juice,Pasta,Milk,Rice,,
Juice,Tomato,Milk,Fish,Bread,Cereal
Butter,Beer,Rice,Cheese,,
Yogurt,Fish,Juice,Rice,Tomato,Butter
Pasta,Tomato,Beer,Cereal,,
Eggs,Diapers,Fish,Chicken,Rice,
Milk,Chicken,Bread,Cheese,Yogurt,Pasta
Butter,Eggs,Milk,Fish,Cereal,
Rice,Chicken,Milk,,,
Rice,Bread,Fish,Juice,,
Tomato,Juice,Eggs,Yogurt,Chicken,
Rice,Eggs,Cheese,Milk,Pasta,
Diapers,Juice,,,,
Tomato,Rice,,,,
Bread,Cereal,Pasta,Diapers,Fish,Rice
Milk,Juice,Cheese,Bread,,
Bread,Diapers,Eggs,Rice,,
Pasta,Eggs,Juice,Rice,Tomato,
Eggs,Milk,Fish,Cheese,Yogurt,Bread
Cereal,Chicken,Tomato,,,
Butter,Chicken,Tomato,Eggs,Juice,
Butter,Milk,Rice,Beer,,
Yogurt,Pasta,Fish,Chicken,Juice,Cereal
Diapers,Eggs,Beer,Tomato,,
Cereal,Rice,Bread,,,
Juice,Diapers,Rice,,,
Butter,Chicken,Cereal,Diapers,,
Diapers,Butter,Cheese,Rice,Cereal,Eggs
Beer,Cereal,Rice,Tomato,,
Milk,Diapers,Juice,Eggs,Cereal,Yogurt
Yogurt,Tomato,Juice,Milk,Bread,
Fish,Butter,Chicken,,,
Eggs,Yogurt,,,,
Butter,Yogurt,Eggs,Milk,Fish,
Milk,Butter,Juice,Tomato,Cheese,
Pasta,Eggs,Beer,Milk,Rice,Fish
Bread,Juice,Beer,,,
Tomato,Yogurt,Butter,Eggs,,
Bread,Chicken,Milk,Pasta,Cereal,Diapers
Bread,Chicken,Butter,,,
Beer,Fish,Chicken,Diapers,Eggs,
Pasta,Butter,Cheese,,,
Diapers,Butter,Tomato,,,
Cereal,Yogurt,Butter,Tomato,Diapers,
Butter,Cereal,Pasta,,,
Eggs,Rice,,,,
Beer,Milk,Tomato,,,
Cereal,Rice,,,,
Beer,Rice,Pasta,Yogurt,Cereal,Tomato
Bread,Tomato,Rice,,,
Fish,Cheese,Bread,Juice,Pasta,Tomato
Eggs,Rice,Bread,,,
Eggs,Tomato,Butter,,,
Cheese,Bread,Diapers,Tomato,Cereal,Butter
Cereal,Juice,Eggs,Diapers,Yogurt,
Tomato,Fish,Bread,Pasta,Milk,Yogurt
Tomato,Butter,Milk,Fish,Cereal,
Bread,Eggs,Fish,,,
Eggs,Chicken,Cheese,Pasta,,
Eggs,Beer,Juice,Pasta,Tomato,
Beer,Yogurt,Chicken,,,
Butter,Cereal,Bread,Milk,Chicken,Pasta
Eggs,Milk,Chicken,Bread,Beer,
Fish,Pasta,Yogurt,,,
Diapers,Juice,Fish,,,
Tomato,Yogurt,,,,
Diapers,Beer,Cereal,Butter,Bread,Yogurt
Rice,Butter,Beer,Pasta,,
Tomato,Juice,Chicken,Pasta,Cheese,
Pasta,Diapers,Cereal,Cheese,Yogurt,Fish
Cereal,Diapers,Pasta,Fish,Yogurt,
Juice,Bread,,,,
Milk,Eggs,Bread,Diapers,Butter,
Rice,Tomato,Butter,Pasta,Beer,Cereal
Pasta,Yogurt,Cereal,,,
Butter,Bread,Fish,Pasta,,
Cereal,Juice,Cheese,Bread,Yogurt,
Beer,Cereal,Butter,,,
Yogurt,Juice,,,,
Fish,Rice,Cheese,,,
Milk,Bread,Juice,Chicken,Cheese,Diapers
Tomato,Bread,Juice,Beer,Chicken,Eggs
Cereal,Rice,Cheese,Pasta,Chicken,
Tomato,Rice,Chicken,Bread,Butter,
Chicken,Rice,Butter,Diapers,Milk,
Fish,Cheese,,,,
Yogurt,Butter,Cheese,,,
Fish,Pasta,Butter,Diapers,,
Milk,Yogurt,Butter,,,
Chicken,Yogurt,,,,
Diapers,Pasta,Juice,Eggs,Rice,Yogurt
Diapers,Milk,Tomato,Cereal,,
Diapers,Pasta,Fish,Yogurt,Chicken,Milk
Yogurt,Rice,Juice,Tomato,Cheese,Butter
Cheese,Juice,Cereal,Butter,Eggs,
Yogurt,Milk,Juice,Chicken,,
Milk,Beer,Butter,,,
Diapers,Yogurt,Fish,Eggs,Rice,Cereal
Rice,Tomato,Bread,Beer,Fish,Cereal
Fish,Butter,Cereal,Milk,,
Milk,Juice,Bread,Pasta,Diapers,
Juice,Fish,,,,
Milk,Diapers,Rice,Pasta,Eggs,
Diapers,Cereal,Eggs,Cheese,,
Cereal,Eggs,,,,
Fish,Rice,Pasta,,,
Cheese,Tomato,,,,
Beer,Fish,,,,
Bread,Butter,,,,
Beer,Cheese,Cereal,,,
Pasta,Milk,Beer,Fish,,
Beer,Diapers,Tomato,Chicken,Pasta,Cereal
Eggs,Yogurt,Bread,Milk,Rice,
Yogurt,Juice,Beer,Cereal,Milk,Chicken
Tomato,Diapers,Butter,Bread,Pasta,Juice
Juice,Diapers,Bread,Butter,Pasta,
Pasta,Juice,Cheese,Chicken,,
Pasta,Bread,,,,
Fish,Milk,Pasta,Yogurt,Butter,
Fish,Diapers,,,,
Butter,Pasta,Beer,Diapers,Cheese,Bread
Cheese,Milk,Bread,Fish,Juice,Rice
Cheese,Chicken,Butter,,,
Eggs,Cereal,Juice,Rice,Fish,Beer
Diapers,Fish,Cereal,Milk,,
Cheese,Juice,Butter,Beer,,
Fish,Pasta,,,,
Fish,Yogurt,Cereal,Milk,Bread,Juice
Cereal,Eggs,Chicken,Bread,Tomato,Pasta
Butter,Beer,Juice,Pasta,Eggs,Milk
Cereal,Eggs,Fish,Rice,,
Rice,Bread,Diapers,,,
Cereal,Rice,,,,
Bread,Tomato,Eggs,Pasta,Milk,
Pasta,Rice,,,,
Cheese,Juice,,,,
Butter,Tomato,Fish,Bread,Cheese,
Yogurt,Cereal,Pasta,Milk,,
Tomato,Cheese,Yogurt,,,
Diapers,Juice,Eggs,Cereal,,
Cheese,Yogurt,Cereal,Fish,,
Diapers,Eggs,,,,
Butter,Juice,Pasta,Beer,Cheese,
Butter,Milk,,,,
Rice,Beer,Diapers,Bread,Yogurt,Tomato
Cereal,Rice,Eggs,Chicken,Diapers,
Tomato,Diapers,Juice,,,
Eggs,Bread,Diapers,Rice,Cheese,
Rice,Eggs,Beer,,,
Yogurt,Bread,Juice,Cheese,Eggs,Butter
Beer,Cheese,,,,
Pasta,Tomato,Chicken,,,
Beer,Bread,Butter,Yogurt,Juice,Chicken
Diapers,Butter,Chicken,Cereal,Eggs,
Eggs,Cereal,Milk,,,
Diapers,Bread,Rice,Juice,Tomato,Pasta
Fish,Cheese,Diapers,,,
Cereal,Eggs,,,,
Fish,Eggs,Cheese,,,
Fish,Juice,Milk,,,
Pasta,Yogurt,Diapers,Milk,Butter,
Beer,Cheese,Butter,,,
Eggs,Tomato,Yogurt,Milk,Rice,Diapers
Milk,Tomato,,,,
Beer,Butter,Cheese,Rice,Yogurt,Juice
Butter,Pasta,,,,
Pasta,Beer,Rice,,,
Milk,Cereal,Eggs,,,
Fish,Yogurt,Juice,Cereal,Butter,Cheese
Chicken,Cereal,Juice,Rice,Milk,Cheese
Eggs,Bread,,,,
Bread,Fish,Cereal,Diapers,Cheese,Yogurt
Cereal,Yogurt,Diapers,Tomato,,
Bread,Diapers,Yogurt,Fish,Eggs,
Cheese,Eggs,Chicken,Butter,Diapers,Rice
Beer,Pasta,Eggs,,,
Milk,Cheese,Bread,Yogurt,Tomato,Cereal
Juice,Rice,Cereal,Bread,,
Pasta,Fish,Diapers,,,
Eggs,Pasta,Butter,,,
Cheese,Pasta,,,,
Cereal,Beer,Tomato,Chicken,,
Cheese,Bread,Juice,Eggs,,
Pasta,Cereal,Fish,Chicken,Yogurt,
Chicken,Butter,Rice,Beer,Milk,
Pasta,Beer,Tomato,Fish,Milk,Yogurt
Rice,Diapers,,,,
Pasta,Diapers,,,,
Eggs,Milk,Beer,Tomato,Cereal,
Beer,Milk,,,,
Cheese,Juice,,,,
Milk,Bread,Butter,Tomato,,
Milk,Fish,Juice,Cheese,Beer,
Rice,Fish,Eggs,Pasta,Yogurt,Cheese
Pasta,Beer,Tomato,,,
Bread,Rice,Fish,Tomato,Butter,
Yogurt,Fish,Rice,Diapers,,
Juice,Cheese,Pasta,Eggs,Diapers,Fish
Beer,Fish,Bread,Pasta,,
Pasta,Yogurt,Diapers,,,
Rice,Cereal,Pasta,,,
Butter,Juice,Rice,Tomato,Cereal,Cheese
Butter,Pasta,Tomato,Cheese,Beer,Eggs
Rice,Juice,Milk,Diapers,Butter,
Pasta,Juice,Chicken,,,
Juice,Rice,,,,
Bread,Pasta,Chicken,Eggs,Diapers,Tomato
Cereal,Butter,Bread,Yogurt,Chicken,Rice
Tomato,Cheese,Butter,Eggs,Cereal,
Cereal,Bread,Fish,,,
Beer,Eggs,Rice,,,
Cheese,Tomato,Beer,,,
Cereal,Rice,,,,
Juice,Rice,Pasta,Butter,,
Cheese,Eggs,Butter,Yogurt,Beer,
Diapers,Beer,Milk,,,
Eggs,Rice,Cheese,Cereal,Milk,Fish
Chicken,Yogurt,,,,
Pasta,Chicken,Juice,Cheese,Fish,
Tomato,Diapers,Eggs,Yogurt,Fish,Cereal
Juice,Yogurt,Rice,,,
Rice,Bread,Eggs,Yogurt,Pasta,
Fish,Chicken,Pasta,Juice,,
Rice,Diapers,Bread,,,
Yogurt,Tomato,Cheese,Butter,Fish,Beer
Yogurt,Pasta,Milk,Cereal,Rice,Cheese
Tomato,Cheese,Cereal,Butter,,
Milk,Chicken,Butter,Tomato,Bread,
Diapers,Pasta,,,,
Bread,Tomato,Chicken,,,
Bread,Cereal,Butter,Eggs,Fish,Beer
Eggs,Cereal,Juice,,,
Milk,Chicken,Cheese,Cereal,,
Yogurt,Eggs,Butter,,,
Beer,Milk,Juice,Tomato,,
Milk,Chicken,Beer,,,
Tomato,Cheese,Pasta,Butter,Yogurt,
Fish,Tomato,Cheese,Juice,Pasta,
Yogurt,Milk,,,,
Eggs,Butter,Yogurt,Cheese,Milk,
Fish,Yogurt,Beer,Cheese,,
Bread,Fish,Eggs,,,
Tomato,Bread,Eggs,Milk,,
Yogurt,Juice,Cheese,Pasta,,
Cereal,Cheese,Pasta,,,
Tomato,Fish,Milk,Pasta,Rice,
Bread,Eggs,Tomato,Cheese,Juice,
Juice,Rice,,,,
Milk,Eggs,Bread,,,
Yogurt,Diapers,Pasta,Bread,Chicken,
Pasta,Cheese,Diapers,Rice,,
Chicken,Pasta,Bread,Rice,Fish,
Eggs,Pasta,Juice,,,
Beer,Cereal,,,,
Tomato,Beer,Butter,Rice,Cheese,Eggs
Juice,Cheese,Butter,Fish,Beer,Bread
Bread,Eggs,Diapers,Tomato,Cereal,
Rice,Beer,,,,
Chicken,Eggs,,,,
Pasta,Cereal,Fish,,,
Rice,Yogurt,Eggs,Cereal,,
Fish,Beer,Yogurt,Pasta,Bread,
Cereal,Rice,Juice,Bread,,
Eggs,Rice,Milk,,,
Cereal,Pasta,,,,
Pasta,Rice,,,,
Pasta,Beer,Yogurt,,,
Rice,Yogurt,Fish,,,
Diapers,Milk,Beer,Cheese,Rice,
Tomato,Rice,Cheese,,,
Milk,Fish,,,,
Fish,Beer,Cheese,Juice,Yogurt,Pasta
Diapers,Milk,Yogurt,Butter,Fish,Rice
Beer,Diapers,Milk,Cereal,Eggs,Juice
Eggs,Juice,Milk,Tomato,,
Juice,Tomato,Diapers,,,
Yogurt,Rice,Fish,,,
Cheese,Fish,Butter,,,
Juice,Beer,Eggs,Rice,Tomato,
Tomato,Eggs,Chicken,,,
Eggs,Pasta,,,,
Cereal,Juice,Milk,Rice,Pasta,
Tomato,Butter,Bread,,,
Milk,Cheese,Fish,Tomato,,
Diapers,Butter,,,,
Chicken,Rice,,,,
Tomato,Fish,Cheese,Bread,Beer,Eggs
Fish,Chicken,Cheese,,,
Tomato,Butter,Bread,Cheese,Yogurt,Juice
Beer,Fish,Diapers,Juice,,
Beer,Fish,,,,
Rice,Pasta,Milk,Beer,Yogurt,
Cereal,Eggs,,,,
Chicken,Bread,Butter,Juice,,
Cheese,Tomato,,,,
Chicken,Cereal,,,,
Bread,Tomato,Rice,Yogurt,Fish,
Diapers,Pasta,Milk,,,
Diapers,Pasta,Fish,Beer,,
Juice,Fish,Tomato,,,
Beer,Bread,Cereal,Juice,Tomato,Eggs
