Price,Year,Mileage,Engine Size,Fuel Type,Transmission,Brand
20795,2002,175668,3.3,Petrol,Manual,BMW
5860,2009,232513,5.1,Diesel,Automatic,BMW
59886,2009,258368,1.3,Diesel,Manual,Volkswagen
11265,2018,87365,2.9,Petrol,Manual,BMW
42194,2013,231662,5.3,Electric,Automatic,Audi
49131,2001,176211,3.0,Hybrid,Automatic,Audi
65263,2000,180785,1.4,Electric,Automatic,BMW
21023,2022,73588,3.7,Diesel,Manual,BMW
46090,2022,64646,5.3,Diesel,Automatic,Hyundai
72221,2017,266798,4.0,Electric,Automatic,Hyundai
69820,2006,281887,2.1,Petrol,Automatic,Chevrolet
5769,2007,222097,2.9,Electric,Automatic,Volkswagen
64735,2000,206244,3.3,Electric,Automatic,Ford
67955,2022,120735,3.9,Hybrid,Manual,Ford
69925,2002,156683,4.8,Hybrid,Automatic,BMW
72969,2023,108971,1.5,Electric,Automatic,Mercedes
10311,2022,13149,5.4,Electric,Automatic,BMW
58707,2007,239976,1.1,Diesel,Manual,Hyundai
33693,2021,43668,2.9,Hybrid,Automatic,Chevrolet
76932,2014,89204,1.1,Hybrid,Manual,BMW
30658,2004,212830,3.0,Diesel,Manual,Nissan
23431,2002,197501,3.6,Petrol,Automatic,Mercedes
7747,2018,166140,3.6,Hybrid,Automatic,Nissan
64150,2000,220861,1.8,Hybrid,Automatic,Chevrolet
70725,2014,141507,4.2,Petrol,Manual,Chevrolet
40773,2007,226160,1.2,Hybrid,Manual,Audi
72435,2001,184321,4.8,Hybrid,Manual,Honda
61886,2002,38384,5.7,Petrol,Manual,Nissan
71803,2023,82929,2.7,Petrol,Manual,Audi
36551,2013,77153,3.6,Electric,Manual,Hyundai
16394,2023,236128,2.9,Diesel,Automatic,Toyota
74092,2013,76388,1.0,Diesel,Automatic,Mercedes
8890,2010,32401,2.9,Petrol,Manual,Toyota
46606,2015,203903,5.0,Petrol,Automatic,Volkswagen
15627,2003,120503,4.0,Hybrid,Automatic,Hyundai
13792,2019,233601,1.5,Electric,Manual,Hyundai
78969,2004,128834,5.2,Electric,Manual,Toyota
48001,2021,35084,3.7,Petrol,Automatic,Nissan
28897,2020,252459,5.2,Hybrid,Manual,Honda
73148,2013,111641,3.9,Hybrid,Manual,Nissan
28483,2022,106111,3.8,Diesel,Automatic,Toyota
53555,2015,139299,1.5,Diesel,Manual,Volkswagen
22159,2017,163982,1.8,Hybrid,Automatic,Nissan
40920,2006,299185,5.9,Diesel,Automatic,Ford
72121,2009,235386,2.1,Petrol,Automatic,Nissan
74479,2006,197553,5.9,Hybrid,Automatic,Chevrolet
24457,2000,261337,3.7,Diesel,Automatic,Audi
71557,2022,128556,1.7,Electric,Manual,Mercedes
57995,2020,196246,1.5,Hybrid,Manual,Nissan
45757,2018,27160,2.0,Hybrid,Manual,Honda
14692,2015,247242,5.6,Electric,Manual,Honda
50758,2018,18633,3.1,Petrol,Automatic,Nissan
77409,2003,280158,3.0,Electric,Automatic,BMW
76211,2017,50104,2.6,Hybrid,Manual,Hyundai
70697,2001,69388,1.7,Petrol,Automatic,Nissan
42065,2000,17014,3.4,Diesel,Manual,Hyundai
37606,2014,93578,1.7,Diesel,Manual,Ford
16534,2004,165827,5.2,Diesel,Manual,Toyota
45397,2019,41390,2.9,Hybrid,Automatic,Ford
6016,2010,286855,2.9,Electric,Automatic,Nissan
60591,2009,92658,3.4,Petrol,Automatic,Honda
28247,2001,58993,3.2,Diesel,Automatic,BMW
29300,2002,206768,6.0,Petrol,Manual,Volkswagen
79065,2022,159285,3.7,Hybrid,Automatic,Hyundai
14268,2022,247860,1.4,Diesel,Automatic,Audi
17185,2011,270565,4.0,Hybrid,Automatic,Hyundai
68704,2019,219008,1.8,Electric,Manual,Chevrolet
44099,2004,18727,1.2,Hybrid,Manual,Mercedes
13571,2004,5358,5.9,Hybrid,Automatic,Nissan
43044,2005,258681,4.9,Electric,Automatic,Ford
56214,2008,95018,5.9,Petrol,Automatic,Audi
66228,2001,295054,3.4,Electric,Automatic,Honda
53984,2020,127888,3.7,Electric,Manual,Honda
45774,2011,230104,1.8,Hybrid,Automatic,Honda
7568,2002,194510,2.2,Petrol,Automatic,Volkswagen
67592,2019,110847,5.2,Diesel,Automatic,Chevrolet
72563,2021,297037,2.8,Electric,Manual,Honda
7695,2011,77329,5.1,Petrol,Manual,Honda
53190,2023,32007,4.5,Electric,Automatic,Nissan
10258,2016,171604,1.9,Electric,Automatic,Chevrolet
44504,2009,13323,3.5,Electric,Automatic,BMW
38159,2023,113356,4.4,Electric,Automatic,BMW
18986,2013,111944,2.2,Hybrid,Automatic,Chevrolet
66858,2022,205451,5.2,Petrol,Manual,Mercedes
17666,2016,279600,3.7,Petrol,Manual,Volkswagen
43660,2017,32367,1.8,Petrol,Manual,Audi
8561,2018,55624,3.9,Electric,Automatic,Hyundai
31854,2016,235565,6.0,Hybrid,Manual,Nissan
69505,2013,69008,1.8,Electric,Manual,Toyota
57251,2008,117492,5.1,Electric,Manual,BMW
27662,2007,73240,2.0,Petrol,Automatic,Chevrolet
13392,2001,202659,4.9,Electric,Automatic,Audi
35535,2012,273900,4.7,Diesel,Manual,Chevrolet
57256,2006,299522,2.5,Electric,Automatic,Hyundai
40222,2008,136327,2.6,Diesel,Manual,Audi
68335,2021,126703,5.0,Electric,Manual,BMW
15965,2021,166575,3.3,Hybrid,Manual,Honda
29538,2010,75069,4.7,Hybrid,Manual,Chevrolet
75592,2013,230189,1.7,Petrol,Automatic,Toyota
13110,2003,252051,5.3,Electric,Automatic,BMW
32266,2012,126541,4.6,Diesel,Automatic,Ford
57992,2001,190648,5.5,Diesel,Automatic,Toyota
11910,2022,257353,1.7,Electric,Manual,Mercedes
5206,2004,272830,4.0,Diesel,Automatic,Volkswagen
28419,2010,132733,4.0,Hybrid,Manual,BMW
55636,2005,176915,2.8,Diesel,Automatic,Honda
55015,2017,96673,3.3,Petrol,Automatic,BMW
59268,2020,43828,1.2,Hybrid,Automatic,Hyundai
23141,2009,273670,4.7,Hybrid,Manual,Audi
76910,2003,26592,3.7,Hybrid,Manual,Chevrolet
61044,2008,292126,1.3,Electric,Manual,Audi
72214,2005,263351,4.4,Electric,Manual,Audi
38827,2001,233041,3.3,Hybrid,Automatic,BMW
60820,2016,231008,1.2,Electric,Manual,Hyundai
67623,2004,125982,5.8,Diesel,Manual,Chevrolet
27299,2005,257911,5.7,Electric,Automatic,Chevrolet
48585,2011,69619,3.6,Electric,Automatic,Audi
69044,2022,161400,1.5,Hybrid,Manual,Mercedes
47557,2020,152175,4.8,Petrol,Automatic,Volkswagen
54080,2009,171963,3.5,Petrol,Manual,Hyundai
7693,2021,142826,2.5,Petrol,Automatic,Mercedes
74163,2020,232055,3.5,Diesel,Manual,Nissan
30939,2005,99540,3.6,Electric,Manual,Nissan
53925,2007,103747,3.8,Petrol,Manual,Toyota
47941,2001,187994,3.2,Hybrid,Manual,Audi
26834,2011,30301,4.0,Petrol,Manual,Chevrolet
23047,2012,223724,5.6,Petrol,Automatic,BMW
31105,2020,194783,2.8,Electric,Manual,Chevrolet
20707,2006,173395,4.6,Electric,Manual,Chevrolet
26976,2009,19752,5.5,Electric,Manual,Honda
49262,2012,214277,3.3,Diesel,Manual,Chevrolet
28776,2016,145467,3.2,Diesel,Manual,Toyota
35080,2020,218029,4.0,Petrol,Automatic,Mercedes
71842,2013,57273,4.0,Electric,Automatic,Nissan
66373,2001,259503,5.0,Petrol,Manual,Chevrolet
11776,2021,92878,3.4,Hybrid,Automatic,Chevrolet
60016,2010,268039,6.0,Hybrid,Manual,Honda
14474,2000,120968,1.3,Electric,Automatic,Hyundai
63053,2018,77559,1.0,Electric,Automatic,BMW
26959,2020,11699,4.2,Hybrid,Manual,Hyundai
10530,2003,197133,2.5,Electric,Automatic,BMW
8748,2018,10715,2.2,Diesel,Automatic,Volkswagen
18545,2020,20169,2.6,Diesel,Manual,Chevrolet
71199,2010,119413,2.3,Electric,Manual,Honda
39766,2007,120264,1.2,Hybrid,Automatic,Ford
78530,2010,268926,5.9,Petrol,Automatic,Audi
66087,2003,220249,2.1,Electric,Automatic,Nissan
73840,2016,125481,4.7,Electric,Manual,Mercedes
59384,2006,216400,4.8,Petrol,Automatic,Nissan
56005,2007,36585,5.6,Electric,Automatic,Mercedes
51576,2002,293826,1.2,Petrol,Automatic,Volkswagen
44353,2021,179936,5.4,Hybrid,Manual,Hyundai
67003,2001,39067,3.6,Diesel,Manual,Toyota
57733,2022,174757,4.2,Hybrid,Manual,Chevrolet
70318,2014,254334,4.2,Diesel,Manual,Ford
28664,2023,19073,5.1,Petrol,Automatic,Mercedes
72172,2021,37035,2.7,Diesel,Manual,Audi
31736,2021,197049,4.7,Hybrid,Automatic,Mercedes
5854,2004,234782,3.6,Diesel,Automatic,Toyota
43623,2023,91373,5.0,Petrol,Automatic,Nissan
12392,2000,91517,6.0,Diesel,Automatic,Honda
60680,2003,66450,2.0,Electric,Manual,Nissan
51717,2014,11382,6.0,Hybrid,Manual,Volkswagen
55859,2019,203043,1.4,Electric,Manual,Honda
31309,2018,222427,1.0,Petrol,Manual,Nissan
68734,2002,62929,1.2,Diesel,Manual,Audi
75467,2019,234483,2.7,Electric,Automatic,Nissan
57662,2010,229590,4.2,Electric,Manual,Audi
17688,2016,144401,1.3,Diesel,Manual,Audi
30342,2012,257677,1.0,Diesel,Manual,Honda
42157,2010,288313,5.7,Hybrid,Manual,Hyundai
72863,2001,88468,5.1,Electric,Automatic,BMW
57083,2008,35594,5.0,Electric,Automatic,Chevrolet
70733,2001,192703,5.4,Petrol,Automatic,Mercedes
39698,2020,46033,4.5,Hybrid,Automatic,BMW
27671,2008,64133,1.5,Petrol,Automatic,Toyota
30184,2008,74861,3.0,Electric,Manual,Hyundai
47107,2007,184362,4.6,Petrol,Automatic,BMW
56663,2016,294894,2.4,Electric,Automatic,Honda
20708,2000,41461,4.4,Electric,Automatic,Toyota
54811,2010,79222,1.1,Petrol,Manual,Ford
7811,2007,113020,2.5,Petrol,Manual,Hyundai
61250,2009,287370,3.7,Diesel,Automatic,BMW
77082,2006,269865,4.2,Diesel,Manual,Toyota
39754,2002,21609,3.9,Diesel,Manual,Ford
16411,2002,131513,4.5,Electric,Automatic,Nissan
7911,2017,204981,1.0,Petrol,Manual,Toyota
72270,2004,105211,1.5,Hybrid,Manual,Honda
13680,2011,187321,5.3,Electric,Manual,Nissan
76295,2011,30984,4.4,Hybrid,Automatic,Honda
16111,2018,119947,1.6,Petrol,Automatic,BMW
42504,2005,205894,5.2,Electric,Automatic,Chevrolet
6802,2001,6901,2.2,Hybrid,Manual,BMW
13155,2011,163624,3.4,Hybrid,Automatic,Nissan
78656,2018,223317,1.7,Diesel,Manual,Audi
44384,2004,294199,4.6,Diesel,Manual,BMW
52254,2011,169757,4.3,Diesel,Manual,Nissan
26918,2016,146788,2.1,Electric,Automatic,Toyota
65713,2016,115099,5.3,Petrol,Automatic,Volkswagen
35306,2009,12138,3.0,Petrol,Automatic,BMW
21646,2022,167370,2.5,Diesel,Automatic,Toyota
51843,2016,24429,1.8,Diesel,Manual,Honda
21371,2014,51200,2.3,Diesel,Automatic,Hyundai
7049,2011,203380,1.1,Hybrid,Manual,Chevrolet
36616,2015,249289,3.9,Diesel,Automatic,Honda
25932,2023,246127,5.2,Hybrid,Automatic,Honda
34855,2018,237513,3.7,Petrol,Automatic,Nissan
66434,2007,18347,2.1,Electric,Manual,Audi
77694,2020,148992,1.2,Electric,Manual,Mercedes
48016,2016,32822,2.1,Electric,Manual,Volkswagen
12400,2022,41108,3.1,Electric,Manual,Audi
47642,2004,8967,4.8,Hybrid,Manual,Nissan
20151,2021,12871,1.9,Hybrid,Automatic,Chevrolet
56407,2015,226371,4.6,Diesel,Manual,Volkswagen
71690,2005,209524,5.3,Hybrid,Manual,Volkswagen
9499,2007,206342,3.3,Diesel,Manual,Nissan
11295,2017,165685,5.1,Diesel,Manual,Ford
64040,2011,29179,3.8,Electric,Automatic,Honda
17183,2014,252537,4.2,Hybrid,Manual,Hyundai
34299,2008,184260,3.6,Hybrid,Automatic,Ford
17874,2012,36262,3.3,Diesel,Automatic,Nissan
37711,2014,61545,2.2,Diesel,Automatic,Ford
10539,2009,235555,2.5,Petrol,Manual,Hyundai
58351,2015,224894,2.4,Petrol,Automatic,Nissan
66267,2006,204218,3.8,Diesel,Manual,Nissan
53354,2016,43913,1.6,Petrol,Manual,Volkswagen
7557,2022,251497,5.6,Petrol,Manual,Ford
43360,2020,178404,4.6,Diesel,Manual,Toyota
7200,2021,157104,3.0,Diesel,Manual,BMW
73497,2006,169918,1.8,Hybrid,Automatic,Nissan
51975,2013,191546,5.4,Diesel,Automatic,Ford
26357,2014,45936,5.1,Diesel,Manual,Mercedes
7869,2020,161866,4.6,Electric,Automatic,Chevrolet
66135,2006,193660,2.4,Hybrid,Manual,Mercedes
55108,2008,203056,3.0,Hybrid,Automatic,Ford
43467,2018,226469,1.5,Hybrid,Automatic,Honda
28328,2015,29141,1.9,Electric,Automatic,Honda
8987,2007,138478,4.9,Diesel,Automatic,Ford
63871,2017,98359,4.6,Hybrid,Automatic,Volkswagen
27399,2022,155363,4.0,Hybrid,Manual,Volkswagen
51214,2017,42568,5.5,Petrol,Manual,Nissan
75271,2019,98539,3.9,Hybrid,Automatic,Hyundai
49064,2006,47851,3.3,Diesel,Manual,BMW
75091,2002,55823,2.7,Diesel,Automatic,Nissan
45818,2017,24312,5.7,Petrol,Manual,Mercedes
50525,2009,200900,1.4,Hybrid,Automatic,BMW
24830,2006,275555,5.7,Hybrid,Automatic,Mercedes
22429,2016,250062,5.1,Hybrid,Automatic,Volkswagen
11893,2013,33371,1.6,Electric,Manual,Ford
52333,2023,58022,3.8,Hybrid,Manual,Hyundai
8436,2002,100071,5.3,Diesel,Automatic,Mercedes
79290,2011,183268,3.9,Diesel,Automatic,Volkswagen
10895,2012,289859,5.5,Electric,Manual,Hyundai
24738,2001,290749,5.7,Electric,Manual,Nissan
35746,2002,100853,3.1,Hybrid,Manual,Ford
54377,2004,32174,2.9,Petrol,Manual,Chevrolet
53404,2010,77373,5.7,Electric,Manual,Honda
59045,2007,194021,4.4,Electric,Automatic,Audi
44790,2022,194718,1.6,Hybrid,Manual,Hyundai
10600,2022,71017,1.2,Hybrid,Automatic,Chevrolet
45764,2011,64037,3.8,Electric,Automatic,Chevrolet
79543,2006,90818,5.7,Petrol,Manual,Hyundai
50714,2014,7548,5.2,Electric,Manual,Chevrolet
61835,2023,117981,4.4,Hybrid,Automatic,Mercedes
78744,2016,235213,1.7,Hybrid,Manual,Chevrolet
61491,2003,205366,2.3,Electric,Automatic,Volkswagen
23589,2021,155249,5.4,Petrol,Manual,BMW
48484,2012,287166,1.9,Electric,Manual,Mercedes
41212,2017,107297,2.4,Electric,Manual,Chevrolet
48525,2000,137614,1.6,Hybrid,Automatic,Nissan
52202,2015,223084,4.4,Petrol,Manual,Honda
37635,2012,61428,5.7,Diesel,Automatic,Ford
68208,2009,154812,2.3,Petrol,Manual,Chevrolet
38828,2011,114132,3.4,Electric,Automatic,Toyota
23711,2001,188604,4.2,Electric,Manual,Honda
8420,2022,17052,6.0,Electric,Automatic,Nissan
5301,2002,101689,1.5,Petrol,Automatic,Volkswagen
50236,2009,179148,3.5,Hybrid,Automatic,Chevrolet
71235,2001,132743,2.9,Electric,Automatic,Volkswagen
59240,2022,263307,5.3,Electric,Automatic,Chevrolet
70726,2012,136870,3.4,Petrol,Automatic,Audi
15492,2012,285564,1.6,Diesel,Manual,BMW
11102,2017,121575,4.2,Diesel,Automatic,Volkswagen
55336,2002,259230,4.9,Hybrid,Automatic,BMW
31641,2006,292444,1.0,Hybrid,Automatic,Honda
39584,2013,11749,5.3,Electric,Manual,Audi
37745,2019,105131,1.9,Petrol,Manual,Ford
28093,2016,157193,3.8,Electric,Manual,Mercedes
71105,2020,226019,3.1,Hybrid,Automatic,BMW
56885,2011,284367,4.6,Petrol,Manual,Audi
41631,2015,73930,2.9,Petrol,Manual,BMW
77991,2023,146128,5.3,Hybrid,Automatic,Hyundai
9014,2011,291524,4.7,Diesel,Automatic,Nissan
16093,2014,289179,4.2,Diesel,Manual,Ford
23070,2009,293764,5.0,Petrol,Automatic,Nissan
40777,2006,257553,4.8,Electric,Automatic,Chevrolet
61958,2019,196113,1.2,Diesel,Automatic,BMW
15729,2004,54352,3.0,Electric,Automatic,Chevrolet
50017,2000,164856,5.7,Diesel,Manual,Toyota
71320,2016,4191,1.6,Diesel,Automatic,BMW
32751,2002,105576,4.7,Electric,Manual,Audi
59748,2012,196713,5.9,Hybrid,Manual,Ford
10801,2013,4631,1.3,Diesel,Manual,Chevrolet
24190,2023,138244,4.4,Diesel,Manual,BMW
54689,2017,221169,3.3,Electric,Automatic,Toyota
55993,2003,91353,3.9,Hybrid,Automatic,Nissan
34592,2017,29671,1.4,Diesel,Automatic,Audi
15647,2004,123811,1.2,Diesel,Manual,Hyundai
13716,2015,183503,4.3,Hybrid,Manual,BMW
75316,2000,222972,5.1,Diesel,Manual,Hyundai
7368,2020,254211,4.9,Hybrid,Automatic,Honda
11655,2013,225033,3.7,Hybrid,Manual,Ford
75031,2014,220861,1.5,Electric,Automatic,BMW
60766,2008,155544,4.4,Petrol,Automatic,Volkswagen
18403,2014,181302,2.2,Hybrid,Automatic,Toyota
37097,2016,8099,5.6,Electric,Automatic,Chevrolet
15966,2023,250686,5.2,Petrol,Manual,Volkswagen
57921,2003,57492,4.5,Diesel,Automatic,Honda
54726,2011,97722,5.7,Petrol,Manual,Ford
55300,2004,31111,1.2,Hybrid,Automatic,Nissan
27677,2004,64936,4.7,Hybrid,Manual,Audi
60609,2010,154686,2.7,Hybrid,Manual,Hyundai
61661,2005,224332,5.5,Hybrid,Automatic,Honda
36024,2006,202548,2.3,Hybrid,Automatic,Chevrolet
75313,2023,250031,4.6,Electric,Automatic,Audi
58006,2013,64530,5.4,Hybrid,Manual,Nissan
20338,2023,270932,1.2,Electric,Automatic,Chevrolet
73027,2010,29082,3.0,Diesel,Automatic,Toyota
24508,2012,90570,4.8,Hybrid,Manual,Hyundai
8051,2001,102015,3.3,Hybrid,Automatic,Volkswagen
53747,2006,208888,2.3,Petrol,Manual,BMW
59021,2019,148603,2.1,Diesel,Automatic,Honda
71412,2003,95439,1.7,Hybrid,Manual,BMW
63335,2007,142214,5.3,Hybrid,Manual,Audi
61179,2019,116053,3.9,Diesel,Automatic,BMW
37093,2021,49355,1.4,Electric,Manual,Volkswagen
74678,2020,202139,2.9,Hybrid,Automatic,Mercedes
44734,2018,235706,2.8,Petrol,Automatic,Audi
77615,2012,126426,1.9,Hybrid,Manual,Hyundai
78523,2013,65027,3.2,Petrol,Automatic,Chevrolet
22019,2009,160210,2.7,Petrol,Manual,Hyundai
78847,2010,93601,2.7,Hybrid,Manual,BMW
33251,2001,30956,4.7,Hybrid,Manual,Ford
30945,2008,239340,2.1,Petrol,Manual,Audi
37217,2016,105797,4.2,Diesel,Manual,Chevrolet
13308,2002,137511,3.9,Diesel,Manual,Nissan
10949,2023,79815,3.8,Hybrid,Manual,Toyota
56990,2005,40279,4.3,Electric,Manual,Hyundai
6150,2004,149702,3.7,Diesel,Automatic,Hyundai
79740,2004,62063,5.4,Hybrid,Automatic,Audi
71617,2021,250599,4.4,Diesel,Manual,Ford
21896,2014,255311,3.7,Electric,Automatic,BMW
51175,2022,128896,5.1,Hybrid,Automatic,BMW
12805,2016,167216,4.0,Electric,Automatic,Audi
10237,2008,223146,2.5,Hybrid,Automatic,Hyundai
25056,2002,209432,2.0,Electric,Automatic,Chevrolet
50543,2019,183051,1.8,Diesel,Automatic,Toyota
61556,2016,98661,5.5,Diesel,Manual,Audi
8343,2009,174672,4.6,Electric,Automatic,Chevrolet
18500,2002,124257,5.7,Electric,Automatic,Chevrolet
58222,2017,270054,4.0,Electric,Automatic,Nissan
34375,2017,35964,3.4,Hybrid,Automatic,Volkswagen
14662,2016,280297,1.3,Diesel,Manual,Mercedes
21964,2023,231156,4.4,Hybrid,Manual,Toyota
64638,2002,109212,3.9,Diesel,Manual,Honda
78666,2002,40071,6.0,Petrol,Manual,Ford
72215,2005,113990,2.2,Hybrid,Automatic,Mercedes
74042,2012,70519,3.7,Diesel,Manual,Nissan
18284,2023,10503,4.3,Diesel,Manual,Toyota
77789,2014,192775,4.2,Hybrid,Manual,BMW
66389,2008,96457,3.8,Hybrid,Manual,Mercedes
14435,2003,189938,4.9,Diesel,Automatic,BMW
59340,2013,148977,2.0,Hybrid,Manual,Ford
49078,2004,46838,4.6,Electric,Automatic,BMW
56293,2001,90489,4.1,Hybrid,Manual,Ford
65403,2010,27806,5.5,Hybrid,Automatic,Toyota
34124,2008,177072,5.2,Hybrid,Automatic,Hyundai
48919,2023,71119,2.6,Diesel,Manual,Ford
40247,2002,186165,2.4,Electric,Manual,Chevrolet
67752,2008,106432,5.9,Petrol,Manual,Honda
61573,2002,178876,3.6,Petrol,Manual,Honda
64101,2001,85080,5.5,Electric,Automatic,Audi
31646,2011,253791,1.8,Electric,Automatic,Honda
28049,2009,78794,4.2,Electric,Manual,Audi
73385,2008,293985,5.0,Diesel,Manual,Honda
45158,2014,125447,5.7,Petrol,Automatic,Ford
70417,2007,121029,2.7,Electric,Manual,Chevrolet
28289,2004,180830,4.6,Diesel,Automatic,Hyundai
14823,2010,38643,3.7,Petrol,Manual,BMW
65160,2001,188921,1.3,Hybrid,Automatic,Nissan
46975,2023,160116,4.4,Diesel,Automatic,Honda
14540,2014,16997,4.5,Petrol,Automatic,Hyundai
21364,2005,99605,5.7,Diesel,Automatic,Hyundai
9611,2007,226942,3.5,Petrol,Automatic,Ford
32663,2004,146643,2.2,Petrol,Manual,Toyota
56991,2015,109255,1.2,Hybrid,Automatic,Toyota
62679,2017,261298,3.1,Diesel,Manual,Honda
35977,2005,59005,2.5,Electric,Automatic,Nissan
54115,2004,218322,4.8,Hybrid,Automatic,Honda
65890,2015,190784,2.8,Hybrid,Manual,Honda
71387,2012,44541,5.7,Petrol,Manual,Audi
23071,2004,24387,5.8,Electric,Manual,Chevrolet
64275,2012,180980,4.1,Diesel,Manual,Chevrolet
77369,2016,86457,5.6,Electric,Automatic,Nissan
16938,2017,145129,4.8,Electric,Manual,Audi
40195,2007,65028,3.7,Electric,Automatic,Hyundai
9000,2012,120246,1.9,Electric,Manual,Audi
75588,2018,156930,3.3,Electric,Manual,Honda
43304,2002,180761,3.8,Petrol,Automatic,Toyota
74449,2023,45638,5.3,Petrol,Automatic,Mercedes
25764,2007,178558,3.4,Hybrid,Manual,Nissan
43494,2001,21567,5.5,Petrol,Automatic,Hyundai
8373,2007,58804,4.4,Hybrid,Automatic,Ford
17161,2012,4754,1.7,Hybrid,Automatic,Mercedes
32350,2012,28044,6.0,Diesel,Automatic,Mercedes
30351,2000,68260,3.6,Electric,Automatic,Audi
20305,2005,67912,3.0,Petrol,Automatic,BMW
70953,2023,257695,4.3,Diesel,Automatic,Mercedes
62458,2018,9706,1.5,Petrol,Automatic,Honda
25358,2015,272038,4.2,Hybrid,Manual,Volkswagen
8267,2007,183684,3.5,Petrol,Automatic,Toyota
43513,2000,30725,3.0,Electric,Manual,Toyota
31092,2015,137998,5.8,Hybrid,Automatic,Volkswagen
16338,2008,105555,3.6,Hybrid,Automatic,Chevrolet
5412,2012,262486,2.1,Diesel,Automatic,Honda
12543,2010,272640,3.3,Electric,Automatic,Ford
38496,2012,57447,5.6,Hybrid,Manual,Mercedes
65692,2020,161878,1.9,Electric,Manual,Chevrolet
49425,2009,42321,2.1,Petrol,Automatic,Honda
43756,2003,254113,1.1,Electric,Manual,Audi
23888,2005,234103,1.1,Hybrid,Automatic,Toyota
40735,2006,56147,5.1,Diesel,Automatic,Chevrolet
52295,2004,92396,4.7,Hybrid,Manual,Nissan
22955,2010,245839,2.8,Electric,Manual,Mercedes
42841,2012,22727,4.5,Electric,Automatic,Mercedes
75640,2018,240423,3.0,Hybrid,Automatic,Ford
70510,2022,96081,5.8,Electric,Manual,BMW
39911,2009,242130,5.8,Petrol,Automatic,Nissan
64031,2009,69056,3.0,Hybrid,Manual,Mercedes
12357,2010,135153,5.3,Diesel,Automatic,Hyundai
37479,2020,166268,4.9,Hybrid,Automatic,Nissan
66476,2006,168807,2.5,Petrol,Manual,Mercedes
49811,2017,236821,2.2,Petrol,Manual,Volkswagen
41208,2003,81102,3.3,Petrol,Manual,Nissan
25150,2001,157570,4.9,Petrol,Automatic,Honda
76180,2013,77865,5.8,Petrol,Automatic,Nissan
48286,2012,163728,4.8,Diesel,Automatic,Ford
73450,2011,68695,5.3,Electric,Automatic,Audi
26352,2006,118235,4.0,Petrol,Manual,Audi
60069,2001,109777,5.2,Petrol,Automatic,Audi
19397,2012,20033,4.9,Hybrid,Automatic,Honda
46555,2013,142877,2.9,Diesel,Automatic,Chevrolet
51959,2016,167923,3.8,Diesel,Manual,Audi
5728,2008,27832,5.0,Electric,Automatic,Toyota
55517,2016,195509,1.2,Diesel,Automatic,Honda
71234,2007,146016,5.0,Hybrid,Manual,Chevrolet
44954,2001,283017,1.9,Hybrid,Automatic,Toyota
52280,2023,41372,3.6,Electric,Automatic,Toyota
21779,2012,90464,5.0,Hybrid,Manual,Toyota
68932,2002,147451,2.3,Petrol,Automatic,Hyundai
77936,2015,118322,2.2,Petrol,Automatic,Ford
29466,2005,168823,3.0,Hybrid,Automatic,Ford
41939,2018,221894,5.5,Electric,Manual,Honda
74896,2006,268254,1.0,Diesel,Automatic,Toyota
40270,2009,275231,5.5,Electric,Automatic,Volkswagen
64163,2008,101483,1.8,Diesel,Manual,Nissan
56934,2001,10596,6.0,Hybrid,Manual,Chevrolet
69895,2014,235627,5.8,Hybrid,Automatic,Ford
37307,2004,108539,3.5,Petrol,Automatic,Audi
59098,2021,19313,3.6,Diesel,Automatic,Honda
65921,2003,198621,3.4,Electric,Automatic,Chevrolet
10486,2019,115914,4.2,Hybrid,Manual,Honda
13335,2003,24705,1.5,Electric,Automatic,Volkswagen
16130,2017,199436,1.2,Petrol,Manual,Hyundai
65566,2003,104892,1.3,Diesel,Manual,Hyundai
71703,2016,210717,3.2,Diesel,Automatic,Toyota
32192,2011,265167,2.4,Hybrid,Automatic,Hyundai
6062,2021,120654,4.1,Diesel,Manual,Honda
26545,2016,191868,6.0,Hybrid,Manual,Audi
26689,2009,81073,2.9,Petrol,Automatic,Toyota
16174,2021,65429,3.9,Diesel,Manual,Mercedes
14348,2000,105195,3.1,Hybrid,Automatic,Chevrolet
28714,2021,193699,5.2,Electric,Automatic,Volkswagen
43102,2023,34848,5.5,Hybrid,Manual,Toyota
79460,2017,290910,5.4,Diesel,Manual,Honda
11801,2017,69099,5.9,Petrol,Automatic,Chevrolet
77267,2013,70122,1.1,Diesel,Manual,Audi
53136,2014,148159,5.2,Diesel,Automatic,BMW
28625,2011,49868,4.8,Hybrid,Automatic,Volkswagen
77592,2003,120119,2.1,Electric,Automatic,Honda
49261,2002,269787,5.8,Diesel,Manual,Volkswagen
6542,2019,299871,1.7,Electric,Automatic,Ford
26677,2011,110079,4.4,Hybrid,Automatic,BMW
51732,2006,17029,2.1,Electric,Automatic,Chevrolet
55343,2010,247353,3.2,Hybrid,Automatic,Hyundai
44081,2000,195718,4.6,Petrol,Automatic,Honda
67856,2005,69926,3.8,Electric,Automatic,Volkswagen
24065,2014,138069,3.1,Electric,Automatic,Chevrolet
59693,2014,43092,2.6,Petrol,Automatic,Hyundai
31962,2018,153889,5.2,Electric,Automatic,Audi
33295,2010,169933,1.7,Petrol,Automatic,Audi
18807,2022,14428,3.2,Diesel,Automatic,Volkswagen
47348,2001,176006,5.5,Hybrid,Manual,Toyota
31432,2013,247627,5.2,Petrol,Automatic,Ford
62854,2001,246439,3.0,Electric,Automatic,Toyota
45262,2003,142330,4.8,Petrol,Automatic,Ford
42080,2016,58775,5.1,Electric,Manual,Honda
6324,2002,213652,5.4,Diesel,Automatic,Mercedes
40909,2012,268613,3.7,Petrol,Manual,Volkswagen
24870,2008,291998,2.0,Diesel,Automatic,Nissan
39578,2006,138328,2.3,Hybrid,Automatic,Volkswagen
77124,2014,256158,2.5,Electric,Manual,BMW
31790,2022,77256,4.0,Electric,Automatic,Hyundai
30289,2010,133723,1.2,Diesel,Manual,BMW
60129,2019,182360,4.2,Hybrid,Manual,Audi
20485,2001,290530,2.8,Petrol,Automatic,Ford
49482,2014,243634,2.5,Petrol,Automatic,Hyundai
9748,2013,34787,5.4,Electric,Automatic,Audi
14435,2019,22621,3.3,Diesel,Automatic,Hyundai
8709,2021,78984,1.5,Diesel,Manual,Toyota
35355,2010,297195,5.1,Petrol,Manual,Audi
60771,2002,31447,1.2,Hybrid,Automatic,Toyota
62799,2016,129046,4.6,Hybrid,Manual,Toyota
18116,2011,216002,4.9,Petrol,Manual,Hyundai
30470,2023,162326,2.8,Petrol,Automatic,Chevrolet
47344,2020,117859,5.1,Diesel,Manual,BMW
47918,2014,189490,3.6,Hybrid,Manual,Audi
57224,2015,4471,3.3,Petrol,Automatic,Nissan
44298,2004,239404,1.2,Petrol,Manual,Chevrolet
66629,2019,121312,2.5,Electric,Automatic,BMW
71040,2005,227876,5.7,Petrol,Manual,Audi
33016,2018,140401,3.0,Petrol,Automatic,Ford
28960,2004,166937,3.7,Hybrid,Manual,BMW
38591,2002,47850,3.7,Diesel,Manual,Nissan
72641,2000,244306,4.0,Hybrid,Automatic,Volkswagen
41395,2005,94808,1.3,Diesel,Automatic,Honda
27700,2014,138469,2.8,Electric,Automatic,Toyota
39620,2001,229981,4.6,Petrol,Automatic,Honda
25559,2002,167597,2.0,Electric,Manual,Chevrolet
66642,2016,54072,2.0,Diesel,Manual,Volkswagen
26732,2023,222178,1.1,Hybrid,Manual,Toyota
35354,2011,84820,3.2,Hybrid,Automatic,Audi
18843,2017,24284,5.4,Electric,Manual,Chevrolet
76726,2014,84369,1.3,Diesel,Manual,Nissan
22640,2011,288266,2.0,Electric,Automatic,Hyundai
57528,2015,213978,2.6,Electric,Automatic,Audi
43413,2007,63812,4.7,Petrol,Manual,BMW
57638,2013,271143,4.2,Electric,Automatic,Hyundai
57736,2016,285580,3.1,Petrol,Manual,Chevrolet
73866,2020,134168,4.8,Petrol,Manual,BMW
24087,2007,245809,4.0,Hybrid,Automatic,Nissan
46430,2014,253164,5.5,Petrol,Manual,Honda
29504,2013,246317,5.1,Petrol,Automatic,BMW
12114,2017,289345,2.3,Hybrid,Automatic,Honda
15975,2019,151787,2.4,Electric,Manual,Toyota
16023,2006,161381,1.6,Diesel,Manual,Ford
26447,2002,147150,2.7,Diesel,Manual,Mercedes
28959,2011,6105,6.0,Diesel,Automatic,Audi
71203,2020,265983,3.0,Electric,Manual,Mercedes
34703,2023,69920,2.1,Petrol,Automatic,Toyota
14337,2002,43821,4.8,Diesel,Automatic,BMW
51427,2019,126736,3.7,Electric,Manual,Toyota
66529,2013,18069,1.7,Petrol,Automatic,Mercedes
36921,2014,8531,2.9,Hybrid,Manual,Mercedes
38307,2013,139808,3.1,Diesel,Manual,Audi
32355,2006,139782,4.8,Petrol,Manual,Hyundai
9835,2016,68155,1.1,Diesel,Manual,Volkswagen
25159,2011,63424,2.3,Diesel,Manual,Toyota
52605,2019,133503,3.6,Diesel,Manual,Ford
43088,2003,206675,2.3,Petrol,Manual,Volkswagen
60284,2008,169553,4.1,Electric,Automatic,Toyota
62043,2005,141629,3.4,Petrol,Manual,Nissan
40547,2015,132234,2.8,Diesel,Automatic,Chevrolet
32532,2021,20675,5.7,Petrol,Automatic,Chevrolet
39349,2021,74997,4.2,Hybrid,Automatic,Mercedes
50445,2020,149087,1.6,Electric,Manual,Chevrolet
10713,2020,232390,3.8,Petrol,Automatic,Honda
61178,2001,141905,4.9,Hybrid,Automatic,Ford
54407,2023,271040,4.5,Electric,Manual,Chevrolet
75340,2007,252435,1.9,Hybrid,Manual,BMW
55990,2010,42800,5.9,Electric,Automatic,Honda
70545,2012,97044,3.2,Petrol,Manual,Volkswagen
63141,2016,268491,1.8,Hybrid,Manual,Honda
28793,2007,191135,1.9,Diesel,Manual,Toyota
61570,2020,134715,1.5,Hybrid,Manual,Mercedes
42892,2017,281825,5.0,Electric,Automatic,Audi
6015,2017,18073,1.6,Petrol,Manual,Audi
66813,2013,31682,1.6,Electric,Manual,Nissan
32712,2014,229870,5.3,Hybrid,Manual,Ford
13415,2005,228966,2.7,Hybrid,Automatic,Toyota
67292,2010,116359,1.2,Diesel,Automatic,Audi
28833,2012,67707,1.3,Petrol,Manual,Mercedes
9158,2000,252351,1.7,Petrol,Manual,Volkswagen
67680,2005,239511,2.1,Hybrid,Automatic,Audi
25309,2008,236718,4.3,Petrol,Manual,BMW
11970,2007,66428,1.8,Diesel,Manual,Honda
77474,2010,51601,1.6,Electric,Automatic,Audi
51540,2021,112487,4.8,Petrol,Manual,Toyota
25384,2018,154741,4.4,Hybrid,Manual,Chevrolet
23017,2023,252924,3.2,Electric,Automatic,Chevrolet
13702,2008,260153,3.7,Electric,Automatic,Volkswagen
5384,2016,291372,2.6,Diesel,Manual,Chevrolet
5404,2011,250430,3.4,Hybrid,Automatic,Volkswagen
45943,2013,123788,3.5,Petrol,Manual,Toyota
52926,2014,98239,2.9,Hybrid,Manual,Ford
34189,2015,27928,5.5,Electric,Manual,Chevrolet
17763,2021,281466,1.1,Hybrid,Automatic,Nissan
23384,2021,63292,4.9,Petrol,Automatic,Mercedes
65100,2019,30055,1.6,Petrol,Manual,Honda
14860,2000,82912,5.0,Diesel,Manual,Chevrolet
55612,2009,138660,4.1,Petrol,Automatic,Volkswagen
28574,2007,269448,5.2,Petrol,Automatic,Toyota
28524,2017,8345,1.5,Hybrid,Automatic,Chevrolet
74172,2000,161372,3.8,Hybrid,Manual,Audi
15916,2001,92006,3.5,Electric,Automatic,Chevrolet
9809,2000,130350,4.5,Diesel,Automatic,Volkswagen
37201,2000,165437,3.7,Hybrid,Manual,BMW
58330,2008,282590,3.7,Petrol,Manual,BMW
18456,2012,265480,3.1,Electric,Manual,Chevrolet
61397,2000,207487,2.5,Hybrid,Automatic,Honda
43765,2012,98852,3.4,Diesel,Manual,Toyota
39816,2019,139593,1.6,Diesel,Manual,Nissan
50106,2021,203779,5.8,Electric,Manual,Nissan
58932,2006,155553,4.6,Electric,Manual,Chevrolet
22100,2001,281618,5.8,Electric,Automatic,Chevrolet
62091,2005,178832,2.1,Electric,Manual,BMW
26949,2006,46232,5.4,Electric,Automatic,Volkswagen
75080,2013,260013,5.0,Petrol,Automatic,Honda
42744,2017,210093,4.4,Petrol,Automatic,Chevrolet
50543,2014,180017,4.1,Hybrid,Manual,Nissan
41187,2001,14140,2.6,Diesel,Automatic,Toyota
12239,2009,84457,5.1,Petrol,Manual,Ford
19489,2022,15357,3.5,Petrol,Manual,Audi
63017,2011,112672,1.4,Petrol,Manual,Chevrolet
66877,2016,122673,2.6,Hybrid,Automatic,Volkswagen
48125,2007,66633,5.7,Electric,Manual,Chevrolet
54922,2010,209015,5.3,Hybrid,Manual,Volkswagen
37049,2002,97111,5.9,Diesel,Manual,Honda
42131,2005,70286,4.1,Diesel,Automatic,Ford
47944,2008,94269,2.2,Diesel,Automatic,Mercedes
78963,2005,259635,1.8,Diesel,Automatic,Toyota
29285,2008,75071,1.9,Petrol,Manual,Toyota
42626,2006,222095,1.1,Petrol,Automatic,Volkswagen
47808,2008,31651,3.0,Hybrid,Manual,BMW
58871,2017,71202,2.0,Electric,Manual,Volkswagen
24198,2011,49777,3.1,Diesel,Automatic,BMW
24758,2007,149066,5.7,Hybrid,Manual,Hyundai
20254,2007,191706,3.2,Petrol,Automatic,Nissan
49238,2017,101158,5.4,Petrol,Manual,Toyota
6252,2019,273944,4.0,Electric,Automatic,Honda
44764,2014,240647,2.2,Electric,Manual,Volkswagen
42441,2006,281852,2.8,Electric,Manual,Honda
58682,2010,144891,1.4,Hybrid,Manual,Ford
64494,2019,206977,2.7,Petrol,Manual,Honda
70215,2015,64870,4.4,Petrol,Manual,Chevrolet
11949,2003,10283,1.4,Electric,Automatic,Nissan
60393,2005,162645,2.0,Diesel,Manual,Chevrolet
78553,2021,6774,2.9,Electric,Automatic,Audi
11941,2002,204127,5.9,Hybrid,Automatic,Volkswagen
30934,2008,143055,4.9,Electric,Automatic,Toyota
28386,2009,97468,4.7,Electric,Manual,Volkswagen
66886,2013,281277,1.6,Hybrid,Manual,Nissan
58413,2010,1781,4.9,Electric,Manual,Mercedes
61800,2017,115586,4.9,Petrol,Automatic,Mercedes
47318,2021,290768,4.0,Diesel,Manual,Audi
75173,2011,7823,6.0,Electric,Manual,Nissan
75390,2022,19489,2.6,Hybrid,Automatic,Hyundai
57329,2011,172033,5.7,Diesel,Automatic,Hyundai
48088,2012,292262,5.6,Hybrid,Automatic,Hyundai
44811,2012,101417,1.1,Diesel,Automatic,Toyota
60479,2018,82816,3.3,Diesel,Automatic,Toyota
24963,2018,154335,5.9,Electric,Automatic,Hyundai
60123,2022,276709,1.5,Petrol,Manual,Mercedes
78477,2013,152426,3.7,Electric,Automatic,Nissan
19388,2003,175023,5.9,Hybrid,Manual,Honda
10569,2012,24648,3.8,Hybrid,Manual,Nissan
74836,2007,42971,1.9,Diesel,Manual,Hyundai
41586,2022,19658,3.9,Diesel,Automatic,Nissan
17015,2020,22253,2.0,Petrol,Manual,Ford
50002,2022,180635,3.6,Electric,Automatic,Toyota
11254,2018,158462,1.4,Hybrid,Automatic,Toyota
22144,2011,183650,4.0,Diesel,Manual,Mercedes
29214,2017,211097,3.6,Petrol,Automatic,Honda
76774,2005,104850,4.7,Hybrid,Manual,Hyundai
11090,2017,138924,4.2,Diesel,Manual,Volkswagen
16637,2018,227058,3.7,Hybrid,Automatic,Mercedes
27415,2021,134623,4.4,Petrol,Manual,Mercedes
29071,2004,62001,1.7,Petrol,Manual,Honda
63243,2023,181231,4.0,Hybrid,Manual,Chevrolet
46240,2008,123775,1.9,Electric,Automatic,Hyundai
38434,2002,34243,5.6,Hybrid,Manual,Volkswagen
74724,2009,153872,1.3,Diesel,Automatic,Toyota
33732,2018,262716,3.2,Electric,Automatic,Honda
16314,2002,269854,4.5,Diesel,Manual,Volkswagen
28954,2021,172918,3.3,Hybrid,Manual,Ford
62108,2014,220055,1.5,Electric,Automatic,Mercedes
41668,2000,211129,3.8,Diesel,Automatic,Honda
28061,2006,209139,4.2,Hybrid,Manual,Toyota
44749,2011,81257,4.5,Hybrid,Manual,Nissan
21907,2016,7530,2.9,Electric,Automatic,Toyota
23777,2020,274260,3.8,Hybrid,Automatic,Ford
56745,2023,66794,3.3,Petrol,Automatic,Honda
28624,2019,211545,4.4,Diesel,Automatic,Ford
28321,2004,133970,3.9,Diesel,Automatic,Hyundai
15488,2003,5135,3.6,Hybrid,Manual,Hyundai
27574,2011,251870,2.2,Hybrid,Automatic,Nissan
10240,2019,90087,1.0,Petrol,Automatic,Mercedes
48221,2023,197103,1.9,Electric,Manual,Chevrolet
15478,2017,296524,1.6,Hybrid,Manual,BMW
60645,2016,280215,3.2,Hybrid,Automatic,Volkswagen
24262,2018,21074,4.1,Hybrid,Automatic,Ford
57796,2008,222796,2.1,Hybrid,Manual,Volkswagen
9432,2003,68843,5.7,Diesel,Automatic,Nissan
69291,2020,40901,1.0,Hybrid,Automatic,Volkswagen
64399,2001,274349,4.9,Diesel,Manual,Volkswagen
55428,2003,269050,4.1,Hybrid,Automatic,Toyota
5302,2001,63987,2.9,Electric,Manual,Honda
5055,2014,55400,1.3,Petrol,Manual,Mercedes
13717,2001,157222,4.1,Electric,Manual,BMW
33699,2003,32852,2.9,Hybrid,Manual,Honda
78686,2005,120052,5.7,Hybrid,Automatic,Toyota
72661,2006,57481,3.7,Hybrid,Manual,Volkswagen
49247,2009,264427,5.7,Electric,Automatic,BMW
21748,2018,34691,2.1,Hybrid,Automatic,Toyota
9621,2018,199137,4.6,Electric,Automatic,Toyota
20034,2021,27170,4.1,Diesel,Automatic,Toyota
10126,2011,9438,4.7,Petrol,Automatic,Hyundai
10122,2002,283239,2.1,Petrol,Manual,BMW
23030,2012,148226,4.3,Electric,Manual,Toyota
60658,2017,272896,3.5,Diesel,Manual,Chevrolet
43638,2007,56426,4.7,Electric,Manual,Volkswagen
72067,2020,240968,2.6,Diesel,Automatic,BMW
39674,2014,289963,5.5,Hybrid,Manual,Hyundai
40854,2000,156289,1.4,Diesel,Automatic,Ford
51271,2002,262501,5.0,Diesel,Automatic,Ford
78688,2007,220780,5.3,Diesel,Manual,Mercedes
43518,2003,296138,5.1,Petrol,Manual,Audi
15267,2015,147108,3.6,Diesel,Manual,Chevrolet
6062,2022,209347,3.2,Hybrid,Manual,Ford
55448,2009,98756,6.0,Hybrid,Automatic,Hyundai
11229,2011,96665,2.1,Hybrid,Automatic,Audi
61793,2013,132717,3.7,Diesel,Manual,Toyota
52915,2013,163002,4.4,Electric,Automatic,Toyota
9632,2001,262691,4.5,Electric,Automatic,Nissan
8596,2022,82835,2.0,Hybrid,Automatic,Volkswagen
11168,2004,123232,4.3,Petrol,Manual,Audi
12561,2004,219561,5.1,Electric,Automatic,Volkswagen
78794,2005,244051,1.3,Diesel,Manual,Hyundai
31734,2012,158547,5.6,Electric,Manual,Chevrolet
11371,2008,44732,1.1,Hybrid,Automatic,Audi
31069,2021,213695,2.8,Petrol,Automatic,Ford
17910,2014,178109,1.1,Electric,Manual,Chevrolet
78479,2013,10346,1.4,Electric,Automatic,Nissan
28275,2023,263731,5.6,Hybrid,Automatic,Volkswagen
77274,2006,13763,2.8,Petrol,Manual,Volkswagen
65004,2019,191237,3.1,Petrol,Manual,Chevrolet
67981,2001,239553,2.1,Hybrid,Manual,Toyota
59553,2006,121987,4.0,Diesel,Manual,Volkswagen
53447,2005,217823,4.0,Electric,Automatic,Nissan
39529,2016,92353,2.9,Diesel,Automatic,Ford
22260,2001,222373,2.7,Electric,Manual,BMW
8812,2002,26556,5.4,Electric,Manual,Ford
33024,2004,19099,2.9,Diesel,Manual,Ford
63656,2004,177168,3.5,Hybrid,Automatic,Volkswagen
32285,2000,204058,2.4,Hybrid,Manual,Honda
6605,2007,145302,4.9,Electric,Automatic,Toyota
76158,2011,203041,3.0,Hybrid,Manual,Volkswagen
77303,2023,34866,3.6,Electric,Manual,Toyota
32139,2003,106400,2.3,Hybrid,Manual,Hyundai
61138,2012,138488,5.9,Electric,Automatic,Honda
18918,2022,73516,2.5,Hybrid,Automatic,Volkswagen
32446,2014,187987,4.9,Petrol,Automatic,Mercedes
18046,2010,295746,3.1,Diesel,Manual,Ford
29818,2009,190139,2.0,Petrol,Automatic,Hyundai
9324,2002,159588,5.0,Diesel,Automatic,Honda
14111,2021,130295,2.7,Diesel,Manual,Volkswagen
43110,2013,88969,5.3,Electric,Manual,Nissan
21389,2015,133161,5.6,Diesel,Automatic,Chevrolet
46427,2009,206735,5.3,Petrol,Automatic,Chevrolet
33746,2009,142559,1.2,Petrol,Automatic,Toyota
5117,2011,263299,4.9,Hybrid,Automatic,Honda
18234,2008,124950,3.1,Petrol,Manual,Ford
58441,2000,77229,5.4,Hybrid,Manual,Ford
5846,2004,105648,4.2,Diesel,Manual,BMW
15954,2019,39547,5.2,Petrol,Automatic,Chevrolet
51514,2007,29795,3.5,Diesel,Automatic,Hyundai
11469,2010,187368,3.7,Petrol,Manual,Honda
35105,2011,22447,1.7,Petrol,Manual,Ford
47101,2000,168670,4.9,Hybrid,Automatic,BMW
69323,2021,222823,3.1,Diesel,Automatic,Honda
63067,2019,257190,3.5,Petrol,Manual,Audi
54376,2010,207402,4.9,Electric,Manual,Ford
50587,2004,253419,4.0,Diesel,Manual,Audi
41976,2014,230817,2.0,Diesel,Automatic,Honda
72584,2004,56077,4.0,Diesel,Automatic,Ford
47533,2011,113782,3.0,Hybrid,Automatic,Audi
6828,2004,103932,3.3,Electric,Automatic,Mercedes
6917,2016,187339,1.1,Diesel,Automatic,BMW
25618,2016,99696,2.1,Petrol,Automatic,Hyundai
37254,2023,51939,2.4,Petrol,Manual,Chevrolet
52362,2011,292660,4.6,Hybrid,Manual,BMW
25128,2023,188598,1.1,Petrol,Automatic,Audi
64383,2014,142521,3.0,Diesel,Manual,Ford
70545,2014,51290,5.6,Petrol,Automatic,Mercedes
14865,2005,285890,1.6,Diesel,Manual,Mercedes
7219,2011,68990,3.6,Petrol,Automatic,Chevrolet
44809,2019,59810,4.9,Electric,Manual,Mercedes
10287,2017,119362,5.7,Hybrid,Manual,BMW
39387,2013,147295,4.7,Hybrid,Automatic,Volkswagen
13512,2001,134669,4.6,Electric,Automatic,Mercedes
6342,2008,197749,5.1,Electric,Manual,Chevrolet
68076,2004,265803,3.2,Hybrid,Manual,Mercedes
24216,2019,87516,5.0,Electric,Automatic,Mercedes
31614,2000,75567,1.0,Diesel,Manual,Nissan
41258,2022,278181,5.6,Petrol,Automatic,BMW
47078,2002,127498,3.2,Hybrid,Automatic,Audi
17219,2005,178810,3.8,Electric,Manual,Toyota
5235,2004,13109,2.3,Diesel,Automatic,Volkswagen
47929,2020,285154,4.7,Hybrid,Manual,Mercedes
72444,2004,271931,1.4,Electric,Manual,Hyundai
13567,2000,240472,5.4,Hybrid,Automatic,Mercedes
75792,2016,140544,5.1,Electric,Manual,Nissan
70441,2018,247183,2.1,Hybrid,Automatic,Audi
78698,2013,155455,5.0,Diesel,Automatic,Hyundai
10415,2011,245325,4.9,Diesel,Automatic,Volkswagen
41159,2009,35518,4.2,Petrol,Manual,Hyundai
48925,2019,54909,2.9,Hybrid,Automatic,BMW
10951,2020,281495,2.4,Petrol,Manual,Chevrolet
13007,2017,201696,2.2,Hybrid,Automatic,Chevrolet
46832,2023,16282,2.6,Electric,Automatic,Volkswagen
63596,2010,240017,5.5,Electric,Automatic,Audi
35523,2001,268219,1.4,Petrol,Manual,Chevrolet
20524,2017,180526,5.1,Hybrid,Manual,Honda
24282,2006,29365,2.7,Petrol,Automatic,Nissan
28930,2023,274146,3.6,Diesel,Automatic,Volkswagen
5077,2014,277091,5.0,Petrol,Manual,Volkswagen
25611,2010,211294,5.4,Petrol,Manual,Toyota
21984,2017,117219,2.7,Electric,Manual,Toyota
19060,2022,57307,3.3,Petrol,Automatic,BMW
48303,2011,136565,3.1,Hybrid,Manual,BMW
64207,2005,256095,1.1,Electric,Automatic,Toyota
34287,2019,35228,2.5,Petrol,Manual,Chevrolet
44711,2022,211748,3.3,Diesel,Automatic,Ford
16954,2012,44472,3.1,Petrol,Automatic,Volkswagen
78340,2019,138888,4.6,Petrol,Automatic,Honda
77101,2015,78175,2.9,Petrol,Manual,Volkswagen
76520,2017,65307,3.4,Electric,Manual,Mercedes
23574,2009,96028,3.1,Hybrid,Manual,Audi
14184,2022,143312,4.7,Diesel,Automatic,Nissan
24096,2007,93493,5.3,Petrol,Automatic,Ford
72728,2017,126149,3.7,Hybrid,Manual,Honda
39016,2020,230416,4.9,Hybrid,Automatic,Mercedes
16246,2000,203435,2.5,Electric,Automatic,BMW
50558,2022,164834,3.7,Diesel,Automatic,Honda
23381,2007,271403,2.7,Electric,Manual,Toyota
41455,2005,182211,3.1,Hybrid,Automatic,Volkswagen
9018,2004,277993,4.7,Hybrid,Manual,Honda
16302,2014,64095,5.4,Hybrid,Manual,Audi
72506,2021,118886,1.6,Electric,Manual,Hyundai
46157,2014,286711,4.2,Diesel,Manual,BMW
59917,2001,36292,3.9,Petrol,Manual,Nissan
29519,2000,75813,1.6,Electric,Automatic,Nissan
61819,2022,98136,2.1,Hybrid,Manual,Honda
76324,2022,52631,2.6,Electric,Manual,Hyundai
10408,2010,10885,1.8,Hybrid,Manual,Volkswagen
64379,2009,186378,2.2,Petrol,Automatic,Mercedes
30053,2017,50812,2.3,Petrol,Automatic,Ford
14446,2017,182572,2.7,Diesel,Automatic,Volkswagen
5922,2016,45900,4.7,Hybrid,Automatic,Mercedes
56356,2007,279432,3.9,Diesel,Manual,Ford
15789,2014,73692,5.9,Diesel,Manual,Hyundai
71656,2007,228208,3.1,Petrol,Automatic,Ford
49028,2016,47403,4.8,Electric,Automatic,Volkswagen
69484,2011,92170,5.4,Electric,Automatic,Audi
37154,2007,272312,4.4,Diesel,Automatic,Honda
7336,2013,60871,3.1,Petrol,Manual,Mercedes
72779,2003,33174,4.8,Hybrid,Automatic,Audi
24029,2000,231823,2.0,Electric,Automatic,Mercedes
64201,2000,224563,2.6,Diesel,Automatic,Honda
37265,2018,138653,3.7,Electric,Automatic,Chevrolet
48872,2015,111155,3.9,Electric,Automatic,Ford
51197,2013,289793,1.1,Hybrid,Automatic,Hyundai
60180,2020,128795,5.7,Petrol,Automatic,Chevrolet
28710,2015,89668,4.5,Hybrid,Manual,Chevrolet
34486,2004,214397,3.5,Petrol,Manual,Nissan
76907,2008,146639,5.7,Electric,Manual,Toyota
76895,2001,240141,3.2,Diesel,Manual,Volkswagen
69435,2017,97019,5.9,Hybrid,Manual,Audi
45631,2005,29803,3.6,Petrol,Manual,Audi
25103,2008,150302,1.6,Electric,Automatic,Audi
69772,2000,149934,4.8,Petrol,Automatic,Audi
19382,2008,231147,4.4,Petrol,Manual,Volkswagen
8756,2015,31795,4.9,Petrol,Automatic,Chevrolet
25609,2012,271914,5.8,Electric,Manual,Volkswagen
21478,2008,12093,4.9,Diesel,Automatic,Audi
44666,2020,280713,4.1,Diesel,Automatic,Toyota
76315,2012,274334,5.3,Diesel,Automatic,BMW
19153,2008,174824,4.4,Petrol,Automatic,Honda
17999,2010,164399,3.0,Electric,Automatic,Audi
60318,2003,41197,5.4,Petrol,Automatic,Hyundai
5814,2001,3261,2.1,Diesel,Manual,BMW
7443,2005,158584,4.6,Diesel,Manual,Volkswagen
78319,2013,292077,5.4,Electric,Automatic,Hyundai
22368,2003,136450,4.7,Petrol,Manual,Hyundai
20328,2005,41583,4.5,Hybrid,Automatic,Mercedes
61942,2018,161105,4.8,Hybrid,Manual,Hyundai
32306,2005,112032,3.3,Diesel,Automatic,Audi
44915,2001,207940,5.4,Electric,Manual,Mercedes
42219,2017,227727,2.0,Petrol,Automatic,Nissan
69644,2012,74869,1.6,Petrol,Manual,Chevrolet
65279,2008,268554,2.4,Diesel,Automatic,Hyundai
58028,2022,188116,3.7,Diesel,Manual,Toyota
5126,2018,195387,3.6,Petrol,Automatic,Honda
57329,2012,203416,5.1,Petrol,Automatic,Hyundai
32632,2010,87716,3.0,Diesel,Automatic,Nissan
70310,2000,55245,3.4,Petrol,Manual,Ford
60176,2023,44056,1.1,Hybrid,Manual,Volkswagen
49327,2021,251736,3.0,Diesel,Manual,Volkswagen
73904,2006,280687,4.2,Petrol,Automatic,Nissan
8797,2020,226683,1.1,Diesel,Manual,Ford
52882,2014,266972,2.4,Electric,Automatic,Volkswagen
18718,2000,117656,2.0,Diesel,Manual,Volkswagen
39560,2011,18087,1.2,Diesel,Manual,Volkswagen
27116,2006,294481,3.4,Electric,Manual,Nissan
41244,2014,137554,1.9,Hybrid,Manual,Chevrolet
6645,2020,183024,4.7,Petrol,Automatic,Honda
52523,2018,137535,5.2,Electric,Manual,Nissan
24256,2000,244236,3.7,Diesel,Manual,Ford
58173,2016,71448,5.9,Petrol,Automatic,Hyundai
42430,2016,5648,3.3,Electric,Automatic,Chevrolet
44282,2002,296767,3.6,Petrol,Manual,Chevrolet
68374,2011,36634,5.9,Petrol,Manual,Hyundai
73244,2005,23054,2.2,Electric,Automatic,Toyota
16694,2010,71028,5.7,Petrol,Automatic,Mercedes
61264,2002,23207,1.2,Hybrid,Automatic,Honda
62545,2007,231893,3.2,Electric,Manual,Honda
44224,2013,82554,1.4,Hybrid,Manual,Toyota
18224,2013,153458,4.6,Diesel,Manual,Mercedes
45738,2009,84276,4.0,Petrol,Automatic,Honda
30150,2001,184852,4.5,Diesel,Automatic,Ford
68731,2013,193512,2.9,Diesel,Automatic,BMW
54688,2008,9210,2.8,Petrol,Manual,BMW
78509,2002,45363,1.2,Electric,Automatic,Honda
13577,2020,243247,2.7,Petrol,Manual,Audi
13070,2007,79279,5.6,Diesel,Automatic,Honda
13666,2015,192420,2.9,Diesel,Manual,Hyundai
62761,2001,187356,5.2,Electric,Manual,Hyundai
41368,2005,204196,5.2,Petrol,Automatic,Mercedes
11783,2020,200919,2.9,Diesel,Manual,Volkswagen
46914,2011,258324,4.2,Hybrid,Automatic,Chevrolet
75507,2004,196161,1.5,Diesel,Manual,Ford
72526,2001,231363,1.5,Diesel,Automatic,Toyota
75835,2015,135393,1.2,Electric,Automatic,Honda
50765,2004,210754,3.9,Hybrid,Manual,Volkswagen
24956,2014,124053,3.1,Diesel,Automatic,Volkswagen
51240,2011,184965,3.7,Diesel,Manual,Ford
42148,2003,167892,3.6,Hybrid,Automatic,Toyota
9757,2014,135832,2.8,Petrol,Automatic,Hyundai
24097,2010,154262,4.4,Petrol,Automatic,Nissan
15395,2015,68411,4.8,Diesel,Automatic,Ford
21241,2022,286521,1.1,Diesel,Manual,Volkswagen
32696,2005,39211,2.0,Petrol,Automatic,BMW
75480,2013,214981,4.6,Electric,Automatic,Honda
51163,2017,266888,2.9,Hybrid,Manual,Mercedes
24816,2011,257638,4.3,Hybrid,Manual,BMW
54840,2010,288139,2.7,Electric,Manual,Volkswagen
57853,2012,149049,3.0,Electric,Manual,Chevrolet
29917,2020,230010,1.8,Electric,Manual,Audi
26566,2022,35542,2.3,Electric,Manual,Toyota
67823,2010,11651,4.0,Electric,Automatic,Hyundai
25806,2022,100239,3.2,Electric,Manual,Honda
6759,2015,227416,4.9,Hybrid,Automatic,Mercedes
46949,2014,279859,5.3,Electric,Manual,Nissan
7482,2020,156378,3.7,Petrol,Automatic,Hyundai
29442,2014,151158,4.8,Electric,Automatic,Honda
38719,2003,142130,2.5,Electric,Automatic,Nissan
63066,2010,256948,3.1,Hybrid,Manual,Mercedes
7079,2018,65200,4.6,Hybrid,Manual,Volkswagen
7717,2014,106848,2.9,Electric,Manual,Audi
64676,2003,107022,3.9,Hybrid,Manual,BMW
32952,2020,178691,1.9,Diesel,Automatic,BMW
47460,2012,257453,4.0,Hybrid,Manual,Volkswagen
77847,2021,63068,5.3,Hybrid,Automatic,Hyundai
23449,2018,162445,5.3,Hybrid,Automatic,Volkswagen
38536,2001,165226,4.6,Hybrid,Manual,Volkswagen
69077,2013,138103,4.7,Petrol,Manual,Honda
43258,2003,225605,3.8,Petrol,Manual,Honda
53302,2015,204047,3.9,Petrol,Automatic,Mercedes
33865,2020,285929,1.7,Electric,Manual,Audi
11645,2019,250768,3.2,Electric,Automatic,Honda
43000,2013,160741,3.3,Diesel,Manual,Mercedes
31737,2014,95475,5.8,Petrol,Automatic,Chevrolet
16485,2002,3282,3.2,Electric,Manual,Volkswagen
43565,2007,166696,3.7,Hybrid,Manual,Volkswagen
30522,2015,180510,3.7,Hybrid,Automatic,Hyundai
70155,2009,221972,4.2,Petrol,Manual,Chevrolet
60168,2003,163777,4.7,Diesel,Manual,Hyundai
57487,2017,169509,2.1,Diesel,Manual,Nissan
17342,2001,209944,3.6,Hybrid,Manual,Mercedes
45806,2016,120006,5.1,Diesel,Manual,Mercedes
